﻿<mamecheat version="1">

  <cheat desc=" "/>
  <cheat desc="# 通用 #"/>
  <cheat desc="　"/>

  <cheat desc=" ">
    <script state="run">
      <action>maincpu.pb@=</action>
    </script>
  </cheat>

  <cheat desc=" "/>
  <cheat desc="# 我方 #"/>
  <cheat desc="　"/>

  <cheat desc=" ">
    <script state="run">
      <action>maincpu.pb@=</action>
    </script>
  </cheat>

  <cheat desc=" "/>
  <cheat desc="# 敌方 #"/>
  <cheat desc="　"/>

  <cheat desc=" ">
    <script state="run">
      <action>maincpu.pb@=</action>
    </script>
  </cheat>

</mamecheat>

<!--

RAM :

ROM :

-->