﻿<mamecheat version="1">


  <cheat desc=" "/>
  <cheat desc="# 通用 #"/>
  <cheat desc="　"/>

  <cheat desc="关卡时间  设置">
    <parameter>
      <item value="1">无限</item>
      <item value="0">0</item>
    </parameter>
    <script state="run">
      <action condition="param == 1">maincpu.rw@491A=4E71</action>  <!-- nop -->
      <action condition="param == 0">maincpu.rw@491A=4240</action>  <!-- clr.w   D0 -->
    </script>
    <script state="off">
      <action>maincpu.rw@491A=5340</action>  <!-- subq.w  #1, D0 -->
    </script>
  </cheat>

  <cheat desc="各类时间不减">
    <script state="run">
      <action>maincpu.rw@3148=4E71</action>  <!-- 角色选择 -->
    </script>
    <script state="off">
      <action>maincpu.rw@3148=5340</action>  <!-- 角色选择 -->
    </script>
  </cheat>

  <cheat desc=" "/>
  <cheat desc="# 我方 #"/>
  <cheat desc="　"/>

  <cheat desc="无限血量">  <!-- 当前血量地址+2即为最大血量 -->
    <script state="run">
      <action>maincpu.pw@110AF0= maincpu.pw@110AF2</action>  <!-- p1 -->
      <action>maincpu.pw@110C10= maincpu.pw@110C12</action>  <!-- p2 -->
    </script>
  </cheat>

  <cheat desc="无限能量">  <!-- 当前能量地址+2即为最大能量 -->
    <script state="run">
      <action>maincpu.pw@110AF4= maincpu.pw@110AF6</action>  <!-- p1 -->
      <action>maincpu.pw@110C14= maincpu.pw@110C16</action>  <!-- p2 -->
    </script>
  </cheat>

  <cheat desc="imp  无视血量使用超必杀">
    <script state="run">
      <action>maincpu.rq@9770=4EB9000D00504E71</action>
    </script>
    <script state="off">
      <action>maincpu.rq@9770=024100FF302A0002</action>
    </script>
  </cheat>

  <cheat desc="弹药不减">
    <script state="run">
      <action>maincpu.rd@9690=4E714E71</action>
    </script>
    <script state="off">
      <action>maincpu.rd@9690=91741050</action>
    </script>
  </cheat>

  <cheat desc="强制击中">
    <script state="run">
      <action>maincpu.rq@CA5A=4EB9000D0000302C</action>
      <action>maincpu.rq@CA9A=4EB9000D0000302B</action>
<!-- 空白区域 -->
      <action>maincpu.rq@D0000=B1FC00110A68670A</action>  <!-- cmpa.l  #$110a68, A0  |  beq     $d0012 -->
      <action>maincpu.rq@D0008=B1FC00110B886702</action>  <!-- cmpa.l  #$110b88, A0  |  beq     $d0012 -->
      <action>maincpu.rq@D0010=6004B24065024E75</action>  <!-- bra     $d0016  |  cmp.w   D0, D1  |  bcs     $d0018  |  rts -->
      <action>maincpu.rq@D0018=584F4EF90000CE40</action>  <!-- addq.w  #4, A7  |  jmp     $ce40.l -->
    </script>
    <script state="off">
      <action>maincpu.rq@CA5A=B240650003E2302C</action>
      <action>maincpu.rq@CA9A=B240650003A2302B</action>
    </script>
  </cheat>

  <cheat desc=" "/>
  <cheat desc="# 敌方 #"/>
  <cheat desc="　"/>

  <cheat desc="锁定敌方坐标">
    <script state="run">
      <action>maincpu.pw@110E8A=1032</action>
      <action>maincpu.pw@110E8C=0770</action>
      <action>maincpu.pw@110E8E=0000</action>
    </script>
  </cheat>

  <cheat desc=" ">
    <script state="run">
      <action>maincpu.pb@=</action>
    </script>
  </cheat>

</mamecheat>

<!--

RAM :
    第1敌兵血量  110F70

ROM :
    血量减少 (共用)  CE0E  3942 00F0    // move.w  D2, ($f0,A4)

==================================================

?  11FF9D

==================================================

A3 +10  =  当前X坐标
A3 + F0 =  当前血量
A3 + F2 =  最大血量
A3 + F4 =  当前能量
A3 + F6 =  最大能量

敌方往右攻击时
    p1
        A0  =  110A68
        A3  =  110E80
    p2
        A0  =  110B88
        A3  =  110E80
110A00
110B20

==================================================

红血必杀

A87C  power dec

maincpu.rd@39F2=342E0AF0
maincpu.rd@39F2=4E714E71

maincpu.rd@3A1E=64000016
maincpu.rd@3A1E=4E714E71

maincpu.rd@3A2C=64000008
maincpu.rd@3A2C=4E714E71

p1 - 血量层级  110B1E    // 蓝血0000 黄血0001 红血0002
p1 - 血量层级读取后置此用于cmp  110A50

maincpu.rw@9784=66DA  // 非0002则跳
maincpu.rw@9784=4E71

-->