﻿<mamecheat version="1">

  <cheat desc=" "/>
  <cheat desc="# 通用 #"/>
  <cheat desc="　"/>

  <cheat desc="关卡时间  设置">
    <parameter>
      <item value="0xFFFF">无限</item>
      <item value="0x0000">0</item>
    </parameter>
    <script state="run">
      <action>maincpu.pw@FF84E9=param</action>
    </script>
  </cheat>

  <cheat desc="各类时间不减">
    <script state="run">
      <action>maincpu.rd@AF8A=4E714E71</action>  <!-- 角色选择 -->
      <action>maincpu.rw@7D84=4E71</action>  <!-- 角色选择 - 续币后 -->
    </script>
    <script state="run">
      <action>maincpu.rd@AF8A=532E0009</action>  <!-- 角色选择 -->
      <action>maincpu.rw@7D84=8300</action>  <!-- 角色选择 - 续币后 -->
    </script>
  </cheat>

  <cheat desc=" "/>
  <cheat desc="# 我方 #"/>
  <cheat desc="　"/>

  <cheat desc="角色  设置">
    <parameter>
        <item value="1">JA</item>
        <item value="2">HA</item>
        <item value="3">MU</item>
        <item value="4">ME</item>
    </parameter>
    <script state="run">
<!-- p1 -->
      <action condition="param == 1">maincpu.pb@FFB277=00</action>  <!-- 角色代码 -->
      <action condition="param == 1">maincpu.pb@FFB295=00</action>  <!-- 角色动作代码 -->

      <action condition="param == 2">maincpu.pb@FFB277=02</action>
      <action condition="param == 2">maincpu.pb@FFB295=08</action>

      <action condition="param == 3">maincpu.pb@FFB277=01</action>
      <action condition="param == 3">maincpu.pb@FFB295=04</action>

      <action condition="param == 4">maincpu.pb@FFB277=03</action>
      <action condition="param == 4">maincpu.pb@FFB295=0C</action>
    </script>
  </cheat>

  <cheat desc="强制击中">
    <script state="run">
      <action>maincpu.rw@109C6=4E71</action>  <!-- 常规攻击  -->
      <action>maincpu.rw@109C8=4E71</action>
      <action>maincpu.rw@11A0A=4E71</action>  <!-- 常规攻击 - 能否击中建筑 -->
      <action>maincpu.rw@11020=4E71</action>  <!-- 枪械攻击  -->
      <action>maincpu.rw@11022=4E71</action>
      <action>maincpu.rw@12154=4E71</action>  <!-- 枪械攻击 - 能否击中建筑  -->
      <action>maincpu.rw@12156=4E71</action>
      <action>maincpu.rw@11B3A=4E71</action>  <!-- 常规攻击 - 能否击中特殊建筑 -->
      <action>maincpu.rw@11B3C=4E71</action>
      <action>maincpu.rw@113AE=4E71</action>  <!-- 枪械攻击 - 能否击中特殊建筑 -->
      <action>maincpu.rw@113B0=4E71</action>
      <action>maincpu.rw@1230E=4E71</action>  <!-- 车辆攻击 - 能否击中建筑 -->
      <action>maincpu.rw@12310=4E71</action>
      <action>maincpu.rw@1223A=4E71</action>  <!-- 车辆攻击 - 能否击中敌方 -->
      <action>maincpu.rw@1223C=4E71</action>
      <action>maincpu.rw@123A4=4E71</action>  <!-- 车辆攻击 - 能否击中摩托骑手 -->
      <action>maincpu.rw@123A6=4E71</action>
    </script>
    <script state="off">
      <action>maincpu.rw@109C6=6400</action>  <!-- 常规攻击  -->
      <action>maincpu.rw@109C8=0174</action>
      <action>maincpu.rw@11A0A=64E6</action>  <!-- 常规攻击 - 能否击中建筑 -->
      <action>maincpu.rw@11020=6400</action>  <!-- 枪械攻击  -->
      <action>maincpu.rw@11022=0188</action>  
      <action>maincpu.rw@12154=6400</action>  <!-- 枪械攻击 - 能否击中建筑  -->
      <action>maincpu.rw@12156=0080</action>
      <action>maincpu.rw@11B3A=6400</action>  <!-- 常规攻击 - 能否击中特殊建筑 -->
      <action>maincpu.rw@11B3C=0178</action>
      <action>maincpu.rw@113AE=6400</action>  <!-- 枪械攻击 - 能否击中特殊建筑 -->
      <action>maincpu.rw@113B0=0142</action>
      <action>maincpu.rw@1230E=6400</action>  <!-- 车辆攻击 - 能否击中建筑 -->
      <action>maincpu.rw@12310=002C</action>
      <action>maincpu.rw@1223A=6400</action>  <!-- 车辆攻击 - 能否击中敌方 -->
      <action>maincpu.rw@1223C=0098</action>
      <action>maincpu.rw@123A4=6400</action>  <!-- 车辆攻击 - 能否击中摩托骑手 -->
      <action>maincpu.rw@123A6=00AA</action>
    </script>
  </cheat>

  <cheat desc="弹药不减">
    <script state="run">
      <action>maincpu.rd@252FE=4E714E71</action>  <!-- handgun  // 手枪 -->
      <action>maincpu.rw@25302=6000</action>
      <action>maincpu.rd@2556A=4E714E71</action>  <!-- uzi  // 冲锋枪 -->
      <action>maincpu.rw@2556E=6000</action>
      <action>maincpu.rd@257DE=4E714E71</action>  <!-- shotgun  // 猎枪 -->
      <action>maincpu.rw@257E2=6000</action>
      <action>maincpu.rd@25212=4E714E71</action>  <!-- rifle  // 步枪 -->
      <action>maincpu.rw@25216=6000</action>
      <action>maincpu.rd@256D0=4E714E71</action>  <!-- m16a1  // 自动步枪 -->
      <action>maincpu.rw@256D4=6000</action>
      <action>maincpu.rd@25902=4E714E71</action>  <!-- bazooka  // 火箭筒 -->
      <action>maincpu.rw@25906=6000</action>
    </script>
    <script state="off">
      <action>maincpu.rd@252FE=536E006C</action>  <!-- handgun  // 手枪 -->
      <action>maincpu.rw@25302=6600</action>
      <action>maincpu.rd@2556A=536E006C</action>  <!-- uzi  // 冲锋枪 -->
      <action>maincpu.rw@2556E=6600</action>
      <action>maincpu.rd@257DE=536E006C</action>  <!-- shotgun  // 猎枪 -->
      <action>maincpu.rw@257E2=6600</action>
      <action>maincpu.rd@25212=536E006C</action>  <!-- rifle  // 步枪 -->
      <action>maincpu.rw@25216=6600</action>
      <action>maincpu.rd@256D0=536E006C</action>  <!-- m16a1  // 自动步枪 -->
      <action>maincpu.rw@256D4=6600</action>
      <action>maincpu.rd@25902=536E006C</action>  <!-- bazooka  // 火箭筒 -->
      <action>maincpu.rw@25906=6600</action>
    </script>
  </cheat>

  <cheat desc="枪械连射">
    <script state="run">
      <action>maincpu.rd@252E8=4E714E71</action>  <!-- handgun  // 手枪 -->
      <action>maincpu.rd@257C8=4E714E71</action>  <!-- shotgun  // 猎枪 -->
      <action>maincpu.rd@251FC=4E714E71</action>  <!-- rifle  // 步枪 -->
      <action>maincpu.rd@2590E=4E714E71</action>  <!-- bazooka  // 火箭筒 -->
    </script>
    <script state="off">
      <action>maincpu.rd@252E8=422800C4</action>  <!-- handgun  // 手枪 -->
      <action>maincpu.rd@257C8=422800C4</action>  <!-- shotgun  // 猎枪 -->
      <action>maincpu.rd@251FC=422800C4</action>  <!-- rifle  // 步枪 -->
      <action>maincpu.rd@2590E=422800C4</action>  <!-- bazooka  // 火箭筒 -->
    </script>
  </cheat>

  <cheat desc="匕首不丢出">
    <script state="run">
      <action>maincpu.rw@1992E=6000</action>  <!-- 站立按A -->
      <action>maincpu.rw@1A178=6000</action>  <!-- 跑动按A -->
    </script>
    <script state="off">
      <action>maincpu.rw@1992E=6500</action>  <!-- 站立按A -->
      <action>maincpu.rw@1A178=6700</action>  <!-- 跑动按A -->
    </script>
  </cheat>

  <cheat desc="枪械及匕首攻击不击飞">
    <script state="run">
      <action>maincpu.rd@110EC=4E714E71</action>
    </script>
    <script state="off">
      <action>maincpu.rd@110EC=912B0078</action>
    </script>
  </cheat>

  <cheat desc=" ">
    <script state="run">
      <action>maincpu.pb@=</action>
    </script>
  </cheat>

  <cheat desc=" "/>
  <cheat desc="# 敌方 #"/>
  <cheat desc="　"/>

<!-- 
空白区域  105000
随机变量  FFFF00
寄存器变量  FFFF10
计数变量  FFFF20
 -->
  <cheat desc="全敌兵及建筑随机爆物">
    <script state="run">
<!-- 原代码 - 随机跳板 -->
      <action>maincpu.rq@A6B8A=4EB9001050004E71</action><!-- jsr 跳转至 105000  -->
<!-- 原代码 - 物品代码相关 -->
      <action>maincpu.rq@FE5A=117C000100968000</action>  <!-- move.b  #$1, ($96,A0)  // 使所有敌方及建筑可爆物 -->
      <action>maincpu.rq@24B6C=4EB9001050206700</action>  <!-- jsr 跳转至 105020 -->
<!-- 空白区域 - 随机跳板 -->
      <action>maincpu.rd@105000=4EBA004E</action>  <!-- jsr     ($4e,PC) ; ($105050)  // 相对跳转至共用随机区域 -->
      <action>maincpu.rd@105004=532D75C2</action>  <!-- subq.b  #1, ($75c2,A5)  // 原代码 -->
      <action>maincpu.rw@105008=6702</action>  <!-- beq     $10500c  // 原代码 -->
      <action>maincpu.rw@10500A=4E75</action>  <!-- rts  // 执行完返回 -->
      <action>maincpu.rq@10500C=588F4EF9000A6B94</action>  <!-- addq.l  #4, A7  |  jmp     $a6b94.l  // 原代码 -->
<!-- 空白区域 - 赋值 -->
      <action>maincpu.rd@105020=4EBA002E</action>  <!-- jsr     ($2e,PC) ; ($105050)  // 相对跳转至共用随机区域 -->
      <action>maincpu.rw@105024=4281</action>  <!-- clr.l   D1 -->
      <action>maincpu.rq@105026=123900FFFF004E75</action>  <!-- move.b  $ffff00.l, D1  |  rts  // 最终赋值到 D1 -->
<!-- 空白区域 - 共用随机区域 -->
      <action>maincpu.rq@105050=48F9010100FFFF10</action>  <!-- movem.l D0/A0, $ffff10.l  // 保存 D0 和 A0 内容到 FFFF10 -->
      <action>maincpu.rq@105058=4280103900FFFF20</action>  <!-- clr.l   D0  |  move.b  $ffff20.l, D0  // 清空 D0 并写入计数值 -->
      <action>maincpu.rq@105060=207C001050C04E71</action>  <!-- movea.l #$1050c0, A0  |  nop  // 将物品列表基址写入 A0 -->
      <action>maincpu.rq@105068=0C3000FF0000660E</action>  <!-- cmpi.b  #-$1, (A0,D0.w)  |  bne     $10507e  // 判断列表是否遍历结束，若不，则跳转 -->
      <action>maincpu.rq@105070=13FC000000FFFF20</action>  <!-- move.b  #$0, $ffff20.l  // 否则清空计数地址 -->
      <action>maincpu.rd@105078=103C0000</action>  <!-- move.b  #$0, D0  // 并清空缓存计数D0 D0 -->
      <action>maincpu.rw@10507C=4E71</action>  <!-- nop -->
      <action>maincpu.rq@10507E=13F0000000FFFF00</action>  <!-- move.b  (A0,D0.w), $ffff00.l  // 将遍历到的物品代码传递到 随机变量地址 -->
      <action>maincpu.rq@105086=523900FFFF204E71</action>  <!-- addq.b  #1, $ffff20.l  |  nop  // 计数 +1 -->
      <action>maincpu.rq@10508E=4CF9010100FFFF10</action>  <!-- movem.l $ffff10.l, D0/A0  // 还原 D0 和 A0 内容 -->
      <action>maincpu.rw@105096=4E75</action>  <!-- rts  // 执行完返回 -->
<!-- 空白区域 - 物品代码列表 -->
      <action>maincpu.rq@1050C0=0102030405060708</action>
      <action>maincpu.rq@1050C8=090A0B0C0D0E1415</action>
      <action>maincpu.rq@1050D0=161718191A1B1C1D</action>
      <action>maincpu.rq@1050D8=1E1F202122232428</action>
      <action>maincpu.rq@1050E0=292A2B2C2D2E2F30</action>
      <action>maincpu.rq@1050E8=3132333435363738</action>
      <action>maincpu.rb@1050F0=FF</action>
    </script>
    <script state="off">
<!-- 原代码 - 随机跳板 -->
      <action>maincpu.rq@A6B8A=532D75C267000004</action>  <!-- subq.b  #1, ($75c2,A5)  |  beq     $a6b94  // 随机跳板 -->
<!-- 原代码 - 物品代码相关 -->
      <action>maincpu.rq@FE5A=116A000F00968000</action>  <!-- move.b  ($f,A2), ($96,A0)  // 初始随机块赋值 -->
      <action>maincpu.rq@24B6C=7200123100006700</action>  <!-- 原代码随机并赋值 -->
    </script>
  </cheat>

  <cheat desc=" ">
    <script state="run">
      <action>maincpu.pb@=</action>
    </script>
  </cheat>

</mamecheat>

<!--

RAM :
    缓存配色
        角色  914000
        角色名  914400
        血槽  9145A0
    p1相关
        角色代码  FFB277  0/2/1/3
        角色动作代码  FFB295  0/8/4/C

ROM :
    配色
        我方血条  BBBF2
    读取敌方身携物  24B36




-->