﻿<mamecheat version="1">

  <cheat desc=" "/>
  <cheat desc="# 通用 #"/>
  <cheat desc="　"/>

  <cheat desc="回合时间  设置">
    <parameter>
      <item value="0x60">无限</item>
      <item value="0x00">0</item>
    </parameter>
    <script state="run">
      <action>maincpu.pb@C05000=param</action>
    </script>
  </cheat>

  <cheat desc="各类时间不减">  <!-- C03023 -->
    <script state="run">
      <action>maincpu.rw@216D68=4E71</action>  <!-- 模式选择 -->
      <action>maincpu.rw@217802=4E71</action>  <!-- 角色选择 - 1v1 -->
      <action>maincpu.rw@2180E4=4E71</action>  <!-- 角色选择 - 3v3 -->
    </script>
    <script state="off">
      <action>maincpu.rw@216D68=8F06</action>  <!-- 模式选择 -->
      <action>maincpu.rw@217802=8F06</action>  <!-- 角色选择 - 1v1 -->
      <action>maincpu.rw@2180E4=8F06</action>  <!-- 角色选择 - 3v3 -->
    </script>
  </cheat>

  <cheat desc="可选重复角色">
    <comment>需修复头像</comment>
    <script state="run">
      <action>maincpu.rw@219AF6=4E71</action>
    </script>
    <script state="off">
      <action>maincpu.rw@219AF6=670E</action>
    </script>
  </cheat>

  <cheat desc=" "/>
  <cheat desc="# 我方 #"/>
  <cheat desc="　"/>

  <cheat desc=" ">
    <script state="run">
      <action>maincpu.pb@=</action>
    </script>
  </cheat>

  <cheat desc=" "/>
  <cheat desc="# 敌方 #"/>
  <cheat desc="　"/>

  <cheat desc=" ">
    <script state="run">
      <action>maincpu.pb@=</action>
    </script>
  </cheat>

</mamecheat>

<!--

RAM :
    p1相关
        角色代码  C03004    // 首字节为1v1，后续3字节为3v3

ROM :

-->