﻿<mamecheat version="1">

  <cheat desc=" "/>
  <cheat desc="# 通用 #"/>
  <cheat desc="　"/>

  <cheat desc="各类时间不减">
    <script state="run">
      <action>maincpu.rq@5C428=4E714E714E714E71</action>  <!-- 角色选择  // FF151E -->
    </script>
    <script state="off">
      <action>maincpu.rq@5C428=536E000A6700000C</action>  <!-- 角色选择 -->
    </script>
  </cheat>

  <cheat desc=" "/>
  <cheat desc="# 无法 #"/>
  <cheat desc="　"/>

  <cheat desc="无限抓踢">
    <script state="run">
      <action>maincpu.pb@FF860B=00</action>  <!-- p1 -->
    </script>
  </cheat>

  <cheat desc="强制击中">
    <script state="run">
      <action>maincpu.rw@705C=6000</action>
    </script>
    <script state="off">
      <action>maincpu.rw@705C=6600</action>
    </script>
  </cheat>

  <cheat desc=" "/>
  <cheat desc="# 敌方 #"/>
  <cheat desc="　"/>

  <cheat desc="不可动">
    <script state="run">
      <action>maincpu.pw@FF9A6E=0AF7</action>  <!-- X -->
      <action>maincpu.pw@FF9A72=001B</action>  <!-- Y -->
    </script>
  </cheat>

</mamecheat>

<!--

RAM :
    选角时间

NOTE :
    01  值右至左

    血量RAM：
        FF8580  主角
        FF9A80  蓝色眼镜小boss
        FF8E80  绿辫子
    敌方血量减少
        |  79C0  地面普攻/AB/空中踢击
        |  79D4  太刀砍击
        |  79F4
        |  7B98
        |  7BAE
        |  

-->