﻿<mamecheat version="1">

  <cheat desc=" "/>
  <cheat desc="# 通用 #"/>
  <cheat desc="　"/>

  <cheat desc="各类时间不减">
    <script state="run">
      <action>maincpu.rd@7EDD=90909090</action>  <!-- 角色选择 -->
    </script>
    <script state="off">
      <action>maincpu.rd@7EDD=00540EFF</action>  <!-- 角色选择 -->
    </script>
  </cheat>

  <cheat desc=" "/>
  <cheat desc="# 我方 #"/>
  <cheat desc="　"/>

  <cheat desc=" ">
    <script state="run">
      <action>maincpu.pb@=</action>
    </script>
  </cheat>

  <cheat desc=" "/>
  <cheat desc="# 敌方 #"/>
  <cheat desc="　"/>

  <cheat desc=" ">
    <script state="run">
      <action>maincpu.pb@=</action>
    </script>
  </cheat>

</mamecheat>

<!--

RAM :
    缓存色表-血槽  F8B42

ROM :

-->