﻿<mamecheat version="1">

  <cheat desc=" "/>
  <cheat desc="# 通用 #"/>
  <cheat desc="　"/>

  <cheat desc="各类时间不减">
    <script state="run">
      <action>maincpu.rw@A188=4E71</action>  <!-- 角色选择 -->
    </script>
    <script state="off">
      <action>maincpu.rw@A188=8101</action>  <!-- 角色选择 -->
    </script>
  </cheat>

  <cheat desc=" "/>
  <cheat desc="# 我方 #"/>
  <cheat desc="　"/>

  <cheat desc="强制击中">
    <script state="run">
      <action>maincpu.rd@8DCA=4E714E71</action>  <!-- X -->
      <action>maincpu.rd@8D7C=4E714E71</action>  <!-- Y - 对上 -->
      <action>maincpu.rd@8DEA=4E714E71</action>  <!-- Y - 对下 -->
    </script>
    <script state="off">
      <action>maincpu.rd@8DCA=64000026</action>  <!-- X -->
      <action>maincpu.rd@8D7C=64000074</action>  <!-- Y - 对上 -->
      <action>maincpu.rd@8DEA=64000006</action>  <!-- Y - 对下 -->
    </script>
  </cheat>

  <cheat desc="一击杀敌">
    <script state="run">
      <action>maincpu.rw@8814=4E71</action>
    </script>
    <script state="off">
      <action>maincpu.rw@8814=6E26</action>
    </script>
  </cheat>

  <cheat desc=" "/>
  <cheat desc="# 敌方 #"/>
  <cheat desc="　"/>

  <cheat desc=" ">
    <script state="run">
      <action>maincpu.pb@=</action>
    </script>
  </cheat>

</mamecheat>

<!--

RAM :

ROM :
    敌方被击血量减少  8810
    物品消失倒数赋值  5C206
    物品消失倒数减少  5C218
    

-->