﻿<mamecheat version="1">

  <cheat desc=" "/>
  <cheat desc="# 通用 #"/>
  <cheat desc="　"/>

  <cheat desc=" ">
    <script state="run">
      <action>maincpu.pb@=</action>
    </script>
  </cheat>

  <cheat desc=" "/>
  <cheat desc="# 我方 #"/>
  <cheat desc="　"/>

  <cheat desc="强制击中">  <!-- 仅 100 -->
    <script state="run">
      <action>maincpu.rd@11A5C2=4E714E71</action>  <!-- 常规攻击 -->
      <action>maincpu.rw@11A5F0=4E71</action>  <!-- 修复武器属性攻击 -->
      <action>maincpu.rd@118304=4E714E71</action>  <!-- 非常规攻击 -->
      <action>maincpu.rd@117B56=4E714E71</action>  <!-- 非常规攻击 - 从远处 -->
    </script>
    <script state="off">
      <action>maincpu.rd@11A5C2=67000FFA</action>  <!-- 常规攻击 -->
      <action>maincpu.rw@11A5F0=6710</action>  <!-- 修复武器属性攻击 -->
      <action>maincpu.rd@118304=67000B30</action>  <!-- 非常规攻击 -->
      <action>maincpu.rd@117B56=670012DE</action>  <!-- 非常规攻击 - 从远处 -->
    </script>
  </cheat>

  <cheat desc="un  强制柔化">
    <script state="run">
      <action>prot.rb@267=EA</action>  <!-- 绕过ROM自检 -->
      <action>prot.rw@8002E9E=4600</action>
      <action>prot.rw@8003142=4600</action>
      <action>prot.rw@8003270=4600</action>
    </script>
    <script state="off">
      <action>prot.rb@267=0A</action>  <!-- 绕过ROM自检 -->
      <action>prot.rw@8002E9E=D115</action>
      <action>prot.rw@8003142=D105</action>
      <action>prot.rw@8003270=DC13</action>
    </script>
  </cheat>

  <cheat desc=" ">
    <script state="run">
      <action>maincpu.pb@=</action>
    </script>
  </cheat>

  <cheat desc=" "/>
  <cheat desc="# 敌方 #"/>
  <cheat desc="　"/>

  <cheat desc=" ">
    <script state="run">
      <action>maincpu.pb@=</action>
    </script>
  </cheat>

</mamecheat>

<!--

RAM :

ROM :

-->