﻿<mamecheat version="1">

  <cheat desc=" "/>
  <cheat desc="# 关卡及场景选择 #"/>
  <cheat desc="　"/>

  <cheat desc="序章 - 樊城夺粮">
    <parameter>
      <item value="0x0001">初始场景</item>
    </parameter>
    <script state="run">
      <action>maincpu.pw@813AD1=param</action>
    </script>
  </cheat>

  <cheat desc="第一章 - 火烧博望">
    <parameter>
      <item value="0x0100">初始场景</item>
      <item value="0x0101">上路 雷区</item>
    </parameter>
    <script state="run">
      <action>maincpu.pw@813AD1=param</action>
    </script>
  </cheat>

  <cheat desc="第二章 - 计袭新野">
    <parameter>
      <item value="0x0200">初始场景</item>
      <item value="0x0206">不放火 上密室</item>
      <item value="0x0204">放火 屋顶</item>
      <item value="0x0208">放火 屋顶 下密室</item>
      <item value="0x0205">出城前</item>
      <item value="0x0201">出城后 选择路线</item>
      <item value="0x0202">A路 河地</item>
      <item value="0x0203">B路 木林</item>
      <item value="0x0207">B路 上密室</item>
      <item value="0x0209">B路 下通道</item>
    </parameter>
    <script state="run">
      <action>maincpu.pw@813AD1=param</action>
    </script>
  </cheat>

  <cheat desc="第三章 - 血战长坂">
    <parameter>
      <item value="0x0300">初始场景</item>
      <item value="0x0306">上路难民密室</item>
      <item value="0x0301">A路 长坂坡</item>
      <item value="0x0305">A路 井底</item>
      <item value="0x0304">A路 栅栏密室</item>
      <item value="0x0302">B路 保护刘琦</item>
      <item value="0x0303">B路 最终场景</item>
    </parameter>
    <script state="run">
      <action>maincpu.pw@813AD1=param</action>
    </script>
  </cheat>

  <cheat desc="第四章 - 火烧连环">
    <parameter>
      <item value="0x0400">初始场景</item>
      <item value="0x0401">上船 路线选择</item>
      <item value="0x040B">A路 初始场景</item>
      <item value="0x040D">A路 下船舱 出密室</item>
      <item value="0x0410">A路 下船舱密室</item>
      <item value="0x0402">B路 初始场景</item>
      <item value="0x0403">B路 左船</item>
      <item value="0x0405">B路 左船 下船舱 出密室</item>
      <item value="0x0412">B路 左船 下船舱 密室</item>
      <item value="0x0406">B路 左船 不下船舱</item>
      <item value="0x0409">B路 左船 最终场景</item>
      <item value="0x0404">B路 右船</item>
      <item value="0x0408">B路 右船 下船舱 出密室</item>
      <item value="0x0411">B路 右船 下船舱 密室</item>
      <item value="0x0407">B路 右船 不下船舱</item>
      <item value="0x040A">B路 右船 最终场景</item>
    </parameter>
    <script state="run">
      <action>maincpu.pw@813AD1=param</action>
    </script>
  </cheat>

  <cheat desc="第五章 - 决战赤壁">
    <parameter>
      <item value="0x0500">初始场景</item>
      <item value="0x0501">A路 初始场景</item>
      <item value="0x0507">A路 进洞 对战许褚</item>
      <item value="0x0508">A路 进洞 出洞 滚石</item>
      <item value="0x0503">A路 不进洞</item>
      <item value="0x0506">A路 不进洞 滚石山洞</item>
      <item value="0x0505">B路 保护黄盖</item>
      <item value="0x0502">骑兵场景</item>
      <item value="0x0504">最终场景</item>
    </parameter>
    <script state="run">
      <action>maincpu.pw@813AD1=param</action>
    </script>
  </cheat>

  <cheat desc="第五章 - 蜀吴争霸">
    <parameter>
      <item value="0x0700">A路 路线选择</item>
      <item value="0x0701">A路 进门</item>
      <item value="0x0706">A路 进门 右路 对战黄盖</item>
      <item value="0x0702">A路 进门 上路 动物</item>
      <item value="0x0708">A路 进门 上路 乌龟密室</item>
      <item value="0x0704">B路 初始场景</item>
      <item value="0x0705">B路 下水道</item>
      <item value="0x0707">B路 下水道 密室</item>
      <item value="0x0703">最终场景</item>
    </parameter>
    <script state="run">
      <action>maincpu.pw@813AD1=param</action>
    </script>
  </cheat>

  <cheat desc="第六章 - 三国一统">
    <parameter>
      <item value="0x0600">初始场景</item>
      <item value="0x0607">上路</item>
      <item value="0x0604">跳崖 竹筏</item>
      <item value="0x0603">山寨</item>
      <item value="0x0601">洞窟</item>
      <item value="0x0606">洞窟 密室</item>
      <item value="0x060B">火牛密室</item>
      <item value="0x0602">古墓</item>
      <item value="0x0605">古墓 下密室</item>
      <item value="0x0608">最终决战场景</item>
    </parameter>
    <script state="run">
      <action>maincpu.pw@813AD1=param</action>
    </script>
  </cheat>

  <cheat desc=" "/>
  <cheat desc="# 关卡设置 #"/>
  <cheat desc="　"/>

  <cheat desc=" "/>
  <cheat desc="# 通用 #"/>
  <cheat desc="　"/>

  <cheat desc="关卡时间  设置">
    <parameter>
      <item value="0x50">无限</item>  <!-- 设置90秒以下，故剧情模式中不会持续显示 -->
      <item value="0x00">0</item>
    </parameter>
    <script state="run">
      <action>maincpu.pb@813B16=param</action>
    </script>
  </cheat>

  <cheat desc="启用隐藏角色">  <!-- 8139F4 = 12 -->
    <script state="run">
      <action>maincpu.rb@1506E5=12</action>
    </script>
    <script state="off">
      <action>maincpu.rb@1506E5=0E</action>
    </script>
  </cheat>

  <cheat desc="文本修改">
    <script state="run">
<!-- 标题文字改为 星垂于野 -->
      <action>maincpu.rq@21DD90=03A7047B064E05BB</action>  <!-- 标题 - 投币等待 -->
      <action>maincpu.rq@21EF4E=03A7047B064E05BB</action>  <!-- 标题 - 游戏中 -->
      <action>maincpu.rq@223D36=03A7047B064E05BB</action>  <!-- 标题 - 演示 -->
    </script>
    <script state="off">
<!-- 标题文字改为 星垂于野 -->
      <action>maincpu.rq@21DD90=037003C2040C0004</action>  <!-- 标题 - 投币等待 -->
      <action>maincpu.rq@21EF4E=037003C2040C0004</action>  <!-- 标题 - 游戏中 -->
      <action>maincpu.rq@223D36=037003C2040C0004</action>  <!-- 标题 - 演示 -->
    </script>
  </cheat>

  <cheat desc="修复各类死机">
    <comment>如连续使用火/风书死机等</comment>
    <script state="run">
      <action>maincpu.rb@12FB5E=60</action>  <!-- 连续使用法术及道具 -->
    </script>
    <script state="off">
      <action>maincpu.rb@12FB5E=67</action>  <!-- 连续使用法术及道具 -->
    </script>
  </cheat>

  <cheat desc="跳过结算画面">
    <script state="run">
      <action>maincpu.rq@157C5C=4E714E714E714EB9</action>  <!-- 剧情模式 -->
      <action>maincpu.rq@1DC4AC=4E714E714E7142A7</action>  <!-- 武将对战 -->
    </script>
    <script state="off">
      <action>maincpu.rq@157C5C=4EB900158D384EB9</action>  <!-- 剧情模式 -->
      <action>maincpu.rq@1DC4AC=4EB90015A0CE42A7</action>  <!-- 武将对战 -->
    </script>
  </cheat>

  <cheat desc="各类时间不减">
    <script state="run">
      <action>maincpu.rw@10EF3A=4E71</action>
      <action>maincpu.rq@139344=4E714E714E714E71</action>
      <action>maincpu.rd@13F94E=4E714E71</action>
      <action>maincpu.rw@14BBFA=4E71</action>
      <action>maincpu.rw@14E9BE=4E71</action>
      <action>maincpu.rd@1525F4=4E714E71</action>
      <action>maincpu.rd@15416E=4E714E71</action>
      <action>maincpu.rd@15533E=4E714E71</action>
      <action>maincpu.rd@15E466=4E714E71</action>
    </script>
    <script state="off">
      <action>maincpu.rw@10EF3A=5384</action>
      <action>maincpu.rq@139344=53B9008134B06B22</action>
      <action>maincpu.rd@13F94E=536EFFEE</action>
      <action>maincpu.rw@14BBFA=5383</action>
      <action>maincpu.rw@14E9BE=5385</action>
      <action>maincpu.rd@1525F4=53AEFFF4</action>
      <action>maincpu.rd@15416E=53AEFFF8</action>
      <action>maincpu.rd@15533E=53AEFFF8</action>
      <action>maincpu.rd@15E466=532A0251</action>
    </script>
  </cheat>

  <cheat desc="多玩家效果">
    <comment>如出兵量和击杀敌兵回气量等</comment>
    <script state="run">
      <action>maincpu.rw@13884E=4E71</action>  <!-- 出兵量  // 仅 205  // 204 为 138838  -->
      <action>maincpu.rb@110E3E=60</action>  <!-- 回气量 -->
    </script>
    <script state="off">
      <action>maincpu.rw@13884E=6C04</action>  <!-- 出兵量 -->
      <action>maincpu.rb@110E3E=66</action>  <!-- 回气量 -->
    </script>
  </cheat>

  <cheat desc="掉落物品不消失">
    <script state="run">
      <action>maincpu.rb@1E7056=FF</action>  <!-- BC丢出/武将对战敌将掉落    -->
      <action>maincpu.rb@1E6D2E=FF</action>  <!-- 敌兵掉落 - 道具 -->
      <action>maincpu.rb@1E1542=FF</action>  <!-- 敌兵掉落 - 补给品 -->
      <action>maincpu.rb@1E1676=FF</action>  <!-- 剧情任务阿斗 -->
    </script>
    <script state="off">
      <action>maincpu.rb@1E7056=06</action>  <!-- BC丢出/武将对战敌将掉落    -->
      <action>maincpu.rb@1E6D2E=06</action>  <!-- 敌兵掉落 - 道具 -->
      <action>maincpu.rb@1E1542=1E</action>  <!-- 敌兵掉落 - 补给品 -->
      <action>maincpu.rb@1E1676=28</action>  <!-- 剧情任务阿斗 -->
    </script>
  </cheat>

  <cheat desc="恢复复制">  <!-- 仅 205 -->
    <script state="run">
      <action>maincpu.rq@1316D8=66124E714E714E71</action>
      <action>maincpu.rd@132CD8=4E714E71</action>
    </script>
    <script state="off">
      <action>maincpu.rq@1316D8=67067000600003FC</action>
      <action>maincpu.rd@132CD8=422B0001</action>
    </script>
  </cheat>

  <cheat desc=" "/>
  <cheat desc="# 我方 #"/>
  <cheat desc="　"/>

  <cheat desc="角色无敌">
    <comment>勿在角色被击倒地起身时开启，将导致死机</comment>
    <script state="run">
      <action>maincpu.pb@D091E3=01</action>  <!-- p1 -->
      <action>maincpu.pb@D095E3=01</action>  <!-- p2 -->
      <action>maincpu.pb@D099E3=01</action>  <!-- p3 -->
      <action>maincpu.pb@D09DE3=01</action>  <!-- p4 -->
    </script>
    <script state="off">
      <action>maincpu.pb@D091E3=00</action>  <!-- p1 -->
      <action>maincpu.pb@D095E3=00</action>  <!-- p2 -->
      <action>maincpu.pb@D099E3=00</action>  <!-- p3 -->
      <action>maincpu.pb@D09DE3=00</action>  <!-- p4 -->
    </script>
  </cheat>

  <cheat desc="无限气">
    <script state="run">
<!-- 显示值 -->
      <action>maincpu.pw@815D1F=0140</action>  <!-- p1 -->
      <action>maincpu.pw@815D9F=0140</action>  <!-- p2 -->
      <action>maincpu.pw@815E1F=0140</action>  <!-- p3 -->
      <action>maincpu.pw@815E9F=0140</action>  <!-- p4 -->
<!-- 实际值 -->
      <action>maincpu.pb@D09287=05</action>  <!-- p1 -->
      <action>maincpu.pb@D09687=05</action>  <!-- p2 -->
      <action>maincpu.pb@D09A87=05</action>  <!-- p3 -->
      <action>maincpu.pb@D09E87=05</action>  <!-- p4 -->
    </script>
  </cheat>

  <cheat desc="A键连发">
    <script state="run">
      <action>maincpu.pb@809189=05</action>  <!-- p1 -->
      <action>maincpu.pb@8091C9=05</action>  <!-- p2 -->
      <action>maincpu.pb@809209=05</action>  <!-- p3 -->
      <action>maincpu.pb@809249=05</action>  <!-- p4 -->
    </script>
  </cheat>

  <cheat desc="物品不减">  <!-- 仅 205 -->
    <script state="run">
      <action>maincpu.rd@131312=4E714E71</action>
    </script>
    <script state="off">
      <action>maincpu.rd@131312=532A0002</action>
    </script>
  </cheat>

  <cheat desc="解除拾取限制">
    <script state="run">
      <action>maincpu.rw@12F42E=4E71</action>
      <action>maincpu.rd@12F4DC=4E714E71</action>
      <action>maincpu.rb@130FAA=60</action>
    </script>
    <script state="off">
      <action>maincpu.rw@12F42E=671E</action>
      <action>maincpu.rd@12F4DC=670001AA</action>
      <action>maincpu.rb@130FAA=66</action>
    </script>
  </cheat>

  <cheat desc="解除法术及道具使用限制">
    <comment>如连续使用大型法术及道具等</comment>
    <script state="run">
      <action>maincpu.rb@1260F9=00</action>  <!-- 能否连续使用大型法术及道具  // 81198D = 00 -->
    </script>
    <script state="off">
      <action>maincpu.rb@1260F9=01</action>  <!-- 能否连续使用大型法术及道具 -->
    </script>
  </cheat>

  <cheat desc="晕/爆属性攻击可连打">
    <script state="run">
      <action>maincpu.rb@135F3F=00</action>  <!-- 晕 -->
      <action>maincpu.rb@1229B3=00</action>  <!-- 爆 -->
    </script>
    <script state="off">
      <action>maincpu.rb@135F3F=01</action>  <!-- 晕 -->
      <action>maincpu.rb@1229B3=01</action>  <!-- 爆 -->
    </script>
  </cheat>

  <cheat desc="解除武器技能限制">
    <comment>如赵云使用方天画戟无法使用←→B等</comment>
    <script state="run">
      <action>maincpu.rb@16A566=60</action>
    </script>
    <script state="off">
      <action>maincpu.rb@16A566=67</action>
    </script>
  </cheat>

  <cheat desc="降将时间不减">
    <script state="run">
      <action>maincpu.rd@16EB4E=4E714E71</action>
      <action>maincpu.rd@179650=4E714E71</action>
    </script>
    <script state="off">
      <action>maincpu.rd@16EB4E=536A020A</action>
      <action>maincpu.rd@179650=53290070</action>
    </script>
  </cheat>

  <cheat desc="杀一敌加一气">
    <comment>被击亦加</comment>
    <script state="run">
      <action>maincpu.rb@17A0F5=00</action>
    </script>
    <script state="off">
      <action>maincpu.rb@17A0F5=40</action>
    </script>
  </cheat>

  <cheat desc="强制柔化">
    <script state="run">
      <action>prot.rb@26F=EA</action>  <!-- 绕过ROM自检 -->
      <action>prot.rw@8002E9E=4600</action>
      <action>prot.rw@8003142=4600</action>
      <action>prot.rw@8003270=4600</action>
    </script>
    <script state="off">
      <action>prot.rb@26F=0A</action>  <!-- 绕过ROM自检 -->
      <action>prot.rw@8002E9E=D115</action>
      <action>prot.rw@8003142=D105</action>
      <action>prot.rw@8003270=DC13</action>
    </script>
  </cheat>

  <cheat desc="无限连击">
    <script state="run">
      <action>maincpu.rd@11A85E=4E714E71</action>
      <action>maincpu.rd@120810=4E714E71</action>
      <action>maincpu.rd@123266=4E714E71</action>
      <action>maincpu.rd@1266EC=4E714E71</action>
    </script>
    <script state="off">
      <action>maincpu.rd@11A85E=526A01EA</action>
      <action>maincpu.rd@120810=526B01EA</action>
      <action>maincpu.rd@123266=526A01EA</action>
      <action>maincpu.rd@1266EC=526901EA</action>
    </script>
  </cheat>

  <cheat desc="无限跳跃">
    <script state="run">
      <action>maincpu.rb@16AC4A=60</action>
      <action>maincpu.rd@16AC8A=4E714E71</action>
    </script>
    <script state="off">
      <action>maincpu.rb@16AC4A=67</action>
      <action>maincpu.rd@16AC8A=526A0242</action>
    </script>
  </cheat>

  <cheat desc="部分攻击间隔减少">
    <script state="run">
      <action>maincpu.rd@11FC7A=4E714E71</action>
    </script>
    <script state="off">
      <action>maincpu.rd@11FC7A=426C00FA</action>
    </script>
  </cheat>

  <cheat desc="强制击中">  <!-- 204/205 通用 -->
    <script state="run">
      <action>maincpu.rd@1221BA=4E714E71</action>  <!-- 常规攻击 -->
      <action>maincpu.rw@1221E6=4E71</action>  <!-- 修复武器属性攻击 -->
      <action>maincpu.rd@11FC6C=4E714E71</action>  <!-- 非常规攻击 -->
      <action>maincpu.rd@11F558=4E714E71</action>  <!-- 非常规攻击 - 从远处 -->
    </script>
    <script state="off">
      <action>maincpu.rd@1221BA=670011A4</action>  <!-- 常规攻击 -->
      <action>maincpu.rw@1221E6=671C</action>  <!-- 修复武器属性攻击 -->
      <action>maincpu.rd@11FC6C=67000C54</action>  <!-- 非常规攻击 -->
      <action>maincpu.rd@11F558=67001368</action>  <!-- 非常规攻击 - 从远处 -->
    </script>
  </cheat>

  <cheat desc="可击中友军">
    <script state="run">
      <action>maincpu.pb@8108F4=01</action>
    </script>
    <script state="off">
      <action>maincpu.pb@8108F4=00</action>
    </script>
  </cheat>

  <cheat desc=" "/>
  <cheat desc="# 敌方 #"/>
  <cheat desc="　"/>

  <cheat desc="不攻击">
    <script state="run">
      <action>maincpu.pb@817101=00</action>
    </script>
    <script state="off">
      <action>maincpu.pb@817101=01</action>
    </script>
  </cheat>

  <cheat desc="不可动">
    <script state="run">
      <action>maincpu.pb@816D9E=00</action>
    </script>
    <script state="off">
      <action>maincpu.pb@816D9E=01</action>
    </script>
  </cheat>

  <cheat desc="敌将死亡无白屏">
    <script state="run">
      <action>maincpu.rb@115682=60</action>
    </script>
    <script state="off">
      <action>maincpu.rb@115682=66</action>
    </script>
  </cheat>

  <cheat desc="死亡落地直接消失">
    <script state="run">
<!-- 敌将血条 -->
      <action>maincpu.rb@1308A4=60</action>
    </script>
    <script state="off">
<!-- 敌将血条 -->
      <action>maincpu.rb@1308A4=67</action>
    </script>
  </cheat>

  <cheat desc="受伤加倍">
    <parameter>
      <item value="0x02">2</item>
      <item value="0x05">5</item>
      <item value="0x0A">10</item>
      <item value="0x64">100</item>
    </parameter>
    <script state="run">
      <action>maincpu.rq@1158BA=4EB900326780B082</action>
<!-- 空白区域 -->
      <action>maincpu.rw@326780=7000</action>
      <action>maincpu.rd@326782=302A006C</action>
      <action>maincpu.rd@326786=C5FC0000+param</action>
      <action>maincpu.rw@32678A=4E75</action>
    </script>
    <script state="off">
      <action>maincpu.rq@1158BA=7000302A006CB082</action>
    </script>
  </cheat>

<!-- 
138BB4  138DE8
空白区域  220600
随机变量  FFFF00
寄存器变量  FFFF10
计数变量  FFFF20
 -->
  <cheat desc="全敌兵随机爆物">
    <script state="run">
<!-- 原代码 - 随机跳板 -->
      <action>maincpu.rq@=</action><!-- jsr 跳转至 105000  -->
<!-- 原代码 - 物品代码相关 -->
      <action>maincpu.rq@138BB4=</action>
      <action>maincpu.rq@138DE8=</action>
<!-- 空白区域 - 随机跳板 -->
      <action>maincpu.rd@105000=4EBA004E</action>  <!-- jsr     ($4e,PC) ; ($105050)  // 相对跳转至共用随机区域 -->
      <action>maincpu.rd@105004=532D75C2</action>  <!-- subq.b  #1, ($75c2,A5)  // 原代码 -->
      <action>maincpu.rw@105008=6702</action>  <!-- beq     $10500c  // 原代码 -->
      <action>maincpu.rw@10500A=4E75</action>  <!-- rts  // 执行完返回 -->
      <action>maincpu.rq@10500C=588F4EF9000A6B94</action>  <!-- addq.l  #4, A7  |  jmp     $a6b94.l  // 原代码 -->
<!-- 空白区域 - 赋值 -->
      <action>maincpu.rd@105020=4EBA002E</action>  <!-- jsr     ($2e,PC) ; ($105050)  // 相对跳转至共用随机区域 -->
      <action>maincpu.rw@105024=4281</action>  <!-- clr.l   D1 -->
      <action>maincpu.rq@105026=123900FFFF004E75</action>  <!-- move.b  $ffff00.l, D1  |  rts  // 最终赋值到 D1 -->
<!-- 空白区域 - 共用随机区域 -->
      <action>maincpu.rq@105050=48F9010100FFFF10</action>  <!-- movem.l D0/A0, $ffff10.l  // 保存 D0 和 A0 内容到 FFFF10 -->
      <action>maincpu.rq@105058=4280103900FFFF20</action>  <!-- clr.l   D0  |  move.b  $ffff20.l, D0  // 清空 D0 并写入计数值 -->
      <action>maincpu.rq@105060=207C001050C04E71</action>  <!-- movea.l #$1050c0, A0  |  nop  // 将物品列表基址写入 A0 -->
      <action>maincpu.rq@105068=0C3000FF0000660E</action>  <!-- cmpi.b  #-$1, (A0,D0.w)  |  bne     $10507e  // 判断列表是否遍历结束，若不，则跳转 -->
      <action>maincpu.rq@105070=13FC000000FFFF20</action>  <!-- move.b  #$0, $ffff20.l  // 否则清空计数地址 -->
      <action>maincpu.rd@105078=103C0000</action>  <!-- move.b  #$0, D0  // 并清空缓存计数D0 D0 -->
      <action>maincpu.rw@10507C=4E71</action>  <!-- nop -->
      <action>maincpu.rq@10507E=13F0000000FFFF00</action>  <!-- move.b  (A0,D0.w), $ffff00.l  // 将遍历到的物品代码传递到 随机变量地址 -->
      <action>maincpu.rq@105086=523900FFFF204E71</action>  <!-- addq.b  #1, $ffff20.l  |  nop  // 计数 +1 -->
      <action>maincpu.rq@10508E=4CF9010100FFFF10</action>  <!-- movem.l $ffff10.l, D0/A0  // 还原 D0 和 A0 内容 -->
      <action>maincpu.rw@105096=4E75</action>  <!-- rts  // 执行完返回 -->
<!-- 空白区域 - 物品代码列表 -->
      <action>maincpu.rq@1050C0=0102030405060708</action>
      <action>maincpu.rq@1050C8=090A0B0C0D0E1415</action>
      <action>maincpu.rq@1050D0=161718191A1B1C1D</action>
      <action>maincpu.rq@1050D8=1E1F202122232428</action>
      <action>maincpu.rq@1050E0=292A2B2C2D2E2F30</action>
      <action>maincpu.rq@1050E8=3132333435363738</action>
      <action>maincpu.rb@1050F0=FF</action>
    </script>
    <script state="off">
<!-- 原代码 - 随机跳板 -->
      <action>maincpu.rq@=</action>
<!-- 原代码 - 物品代码相关 -->
      <action>maincpu.rq@138BB4=</action>
      <action>maincpu.rq@138DE8=</action>
    </script>
  </cheat>
<!-- 816DFA 通用自增值 -->
</mamecheat>

<!--

RAM :
    p1相关
        血量
            显示值  814019
            实际值  D0906D
        武将对战通关签名文字  81402C
        分数  813DDE
        物品1数量  8114D6  // -1=代码
        当前角色配色地址  D09064
        无法出招  D09008  大于8000时
    敌方相关
        武将对战第1敌将无敌flag  D07175
        当前敌将配色地址  D07064
    缓存色表  A00000
        A010A0 color of hp bar
        A01000  color of score
        A01060 color of mode and beyond scored
        A011C0 color of energy tank
        A0017C text of x number
        A00172 color of number border
        A001FA color of item bg
        A001FC color of item frame
        A00300 color of current boss

A010A0  背景
A010A2  两侧背景
A010A4  两侧外部下
A010A6  两侧内部下
A010A8  下外边框
A010AA  ？
A010AC  上外边框
A010AE  剩余血量下线
A010B0  剩余血量主体


ROM :
    敌方血量减少  1158C4  956A 006C
    设置ROM中敌方尸体闪烁时间  1120BA  102A 0002  /  160FA6  102A 0002  /  1637CE  102A 0002
    回血量
        薤叶芸香  12A08A  4E78 0003    // pea $3.w
        威灵仙  129E78  4878 001E    // pea $1e.w
        流马/木牛  12AD12  4878 0001    // pea $1.w
    ？读取技能基址  15FDA6  2553 002C    // move.l (A3), ($2c, A2)
    ?    庞统
    ?        →A  2BCA86 2BCA66
    ?        指地成刚  2BC79C  2BC738
    读取可拾取物品加分量  1251D4  2030 0000    // move.l  (A0,D0.w), D0
        金元宝  1E12C8  0000 1F40
        孔方兄  1E12C4  0000 1388
    拾取满重复物品加分量  13105E+2  06AD 0000 1F40 000A  /  0000 1F40
    读取动作指针  1710E2  256B 0002 002C
    读取pea到堆栈的武将对战boss爆物代码  12EE9E
    物品消失剩余时间
        从ROM读取  1637CE  102A 0002
        写入内存  1637D4  3740 00E2
    从ROM读取角色血量最大值并赋值  15D86A  1570 0000 0006    // 最大满值为 8890  // 左血右槽
        血赵云  21F421 5058 6068 7078
    读取当前角色ROM色表块  16F5CA  2550 0064
        霸孙权  2EE488  0038 B5EC
        血赵云  2CE158  0038 B0EC
    读取当前敌将ROM色表块  10FD3A  2550 0064
        孙权  2BD152  0038 BB2C
    读取出兵类型  138A1E  2D6B 0004 FFFC

==================================================

未完成 :
    |  属性攻击作用于黄忠
    |  剧情不强制召回降将
    |  绕过RAM自检  prot.rb@13EB=0A to EA
    |  敌兵随机爆物    // 138BB4  138DE8
    |  最后一关左慈必给再战金牌
    |  转身3A不倒  bgt？

文字代码
    |  星垂于野  03A7 047B 064E 05BB
    |  群雄争霸  0370 03C2 040C 0004

NOTE :
    |  不断自增的值，增长到一定大小时无法做出普攻跳跃外的其它动作

133692    // rts后到nop后可跳过结算的jsr

15D36C: rts
157C52: pea     $1.w
157C56: jsr     $133692.l
133692: move.w  ($6,A7), $811984.l
13369A: rts
157C5C: jsr     $158d38.l


815944 = 01 过关仍可动

即使使用的是同一段代码，但调用处可能不同

nop后结算不会站街
bp 158D68;  //
bp 158D76;  //
bp 158D70;
bp 158D86;

==================================================

动作指针
    智孔明
        2E311E 002E38C2    // chao ge
    庞统
        2BBE9E 002BC8D8    // zhi di cheng gang

敌方类型指针    // bp 138A1E,1,{printf "address : %X  type : %X",(4+A3),rd@(4+A3);g}
    敌兵
        41B52E  刀盾兵
        417FBC  长枪兵
        41DCBC  弓箭兵
        40D8A4  铁甲兵
        413FFE  红裤铁锄胖墩
        421A6E  红裤炸药胖墩

-->