﻿<mamecheat version="1">

  <cheat desc=" "/>
  <cheat desc="# 通用 #"/>
  <cheat desc="　"/>

  <cheat desc="关卡时间  设置">
    <parameter>
      <item value="0x50">无限</item>  <!-- 设置90秒以下，故剧情模式中不会持续显示 -->
      <item value="0x00">0</item>
    </parameter>
    <script state="run">
      <action>maincpu.pb@81B136=param</action>
    </script>
  </cheat>

  <cheat desc="多玩家效果">
    <script state="run">
      <action>maincpu.rw@13FDDC=4E71</action>  <!-- 出兵量 -->
    </script>
    <script state="off">
      <action>maincpu.rw@13FDDC=6C04</action>  <!-- 出兵量 -->
    </script>
  </cheat>

  <cheat desc="锁定场景">
    <script state="run">
      <action>maincpu.pw@81B0F2=010C</action>
    </script>
  </cheat>

  <cheat desc="第三关 - 王平必带入密道">  <!-- 第二关选择  81B644  // 0/1/2 -->
    <script state="run">
      <action>maincpu.rb@184624=60</action>
    </script>
    <script state="off">
      <action>maincpu.rb@184624=67</action>
    </script>
  </cheat>

  <cheat desc=" "/>
  <cheat desc="# 我方 #"/>
  <cheat desc="　"/>

  <cheat desc="强制击中">
    <script state="run">
      <action>maincpu.rw@11A144=4E71</action>  <!-- 常规攻击 - 是否能击中 -->
      <action>maincpu.rw@11A146=4E71</action>
      <action>maincpu.rw@11A116=6008</action>  <!-- 常规攻击 - 是否能远距离及背对击中 -->
      <action>maincpu.rw@11C4F0=4E71</action>  <!-- 非常规攻击 - 是否能击中 -->
      <action>maincpu.rw@11C4F2=4E71</action>
      <action>maincpu.rw@11C4BE=6008</action>  <!-- 非常规攻击 - 是否能远距离及背对击中 -->
    </script>
    <script state="off">
      <action>maincpu.rw@11A144=6700</action>  <!-- 常规攻击 - 是否能击中 -->
      <action>maincpu.rw@11A146=07E0</action>
      <action>maincpu.rw@11A116=6608</action>  <!-- 常规攻击 - 是否能远距离及背对击中 -->
      <action>maincpu.rw@11C4F0=6700</action>  <!-- 非常规攻击 - 是否能击中 -->
      <action>maincpu.rw@11C4F2=04BC</action>
      <action>maincpu.rw@11C4BE=6608</action>  <!-- 非常规攻击 - 是否能远距离及背对击中 -->
    </script>
  </cheat>

  <cheat desc="无限气">
    <script state="run">
<!-- 实际气珠 -->
      <action>maincpu.pb@811535=03</action>
      <action>maincpu.pb@8116D1=03</action>
      <action>maincpu.pb@81186D=03</action>
      <action>maincpu.pb@811A09=03</action>
<!-- 显示气珠 -->
      <action>maincpu.pb@812B02=03</action>
      <action>maincpu.pb@812B4E=03</action>
      <action>maincpu.pb@812B9A=03</action>
      <action>maincpu.pb@812BE6=03</action>
<!-- 实际气槽 -->
      <action>maincpu.pb@811534=4F</action>
      <action>maincpu.pb@8116D0=4F</action>
      <action>maincpu.pb@81186C=4F</action>
      <action>maincpu.pb@811A08=4F</action>
    </script>
  </cheat>

  <cheat desc="集气加快">
    <script state="run">
      <action>maincpu.rw@11A2F0=6008</action>
    </script>
    <script state="off">
      <action>maincpu.rw@11A2F0=6708</action>
    </script>
  </cheat>

  <cheat desc=" "/>
  <cheat desc="# 敌方 #"/>
  <cheat desc="　"/>

  <cheat desc="受伤加倍">
    <parameter>
      <item value="0x02">2</item>
      <item value="0x05">5</item>
      <item value="0x0A">10</item>
      <item value="0x64">100</item>
    </parameter>
    <script state="run">
      <action>maincpu.rq@10EC2C=4EB9001B6E00B082</action>
<!-- 空白区域 -->
      <action>maincpu.rw@1B6E00=7000</action>
      <action>maincpu.rd@1B6E02=302B005E</action>
      <action>maincpu.rd@1B6E06=C5FC0000+param</action>
      <action>maincpu.rw@1B6E0A=4E75</action>
    </script>
    <script state="off">
      <action>maincpu.rq@10EC2C=7000302B005EB082</action>
    </script>
  </cheat>

  <cheat desc=" ">
    <script state="run">
      <action>maincpu.pb@=</action>
    </script>
  </cheat>

</mamecheat>

<!--

RAM :

ROM :
    读取动作指针  130E60  256B 0002 001E

==================================================

强制击中

11A117  6008
11A144  4E71 4E71
11C4BF  6008
11C4F0  4E71 4E71

==================================================

一击破建筑

11AC1F  6062
12B331  605C

==================================================

015174  19 00 0E 5D 3C 10 09 00 2B B0 01
01DA1E  4E71 4E71
01DA2C  71 4E 1A 72 01 B0 00 60 BC 00 00 70 39 30
01DCD5  606A
01DD9B  6000

==================================================

1524B6  准备过图时间置10

准备过图时间置10  // jsr
    maincpu.rd@1524AA=4EBA000A
    maincpu.rd@1524AA=4E714E71


-->