﻿<mamecheat version="1">

  <cheat desc=" "/>
  <cheat desc="# 通用 #"/>
  <cheat desc="　"/>

  <cheat desc="多玩家效果">
    <script state="run">
      <action>maincpu.rw@19061E=4E71</action>  <!-- 出兵量 -->
    </script>
    <script state="off">
      <action>maincpu.rw@19061E=6C04</action>  <!-- 出兵量 -->
    </script>
  </cheat>

  <cheat desc="练习">
    <script state="run">
      <action>maincpu.pb@81B1D9=07</action>
      <!-- <action>maincpu.pb@8114C5=68</action> -->
      <!-- <action>maincpu.pb@81B811=10</action> -->
    </script>
  </cheat>

  <cheat desc=" "/>
  <cheat desc="# 我方 #"/>
  <cheat desc="　"/>

  <cheat desc="强制击中">
    <script state="run">
      <action>maincpu.rw@165ADE=4E71</action>  <!-- 常规攻击 - 是否能击中 -->
      <action>maincpu.rw@165AE0=4E71</action>
      <action>maincpu.rw@165AB0=6008</action>  <!-- 常规攻击 - 是否能远距离及背对击中 -->
      <action>maincpu.rw@167F08=4E71</action>  <!-- 非常规攻击 - 是否能击中 -->
      <action>maincpu.rw@167F0A=4E71</action>
      <action>maincpu.rw@167ED8=6008</action>  <!-- 非常规攻击 - 是否能远距离及背对击中 -->
    </script>
    <script state="off">
      <action>maincpu.rw@165ADE=6700</action>  <!-- 常规攻击 - 是否能击中 -->
      <action>maincpu.rw@165AE0=087C</action>
      <action>maincpu.rw@165AB0=6608</action>  <!-- 常规攻击 - 是否能远距离及背对击中 -->
      <action>maincpu.rw@167F08=6700</action>  <!-- 非常规攻击 - 是否能击中 -->
      <action>maincpu.rw@167F0A=04F4</action>
      <action>maincpu.rw@167ED8=6608</action>  <!-- 非常规攻击 - 是否能远距离及背对击中 -->
    </script>
  </cheat>

  <cheat desc=" ">
    <script state="run">
      <action>maincpu.pb@=</action>
    </script>
  </cheat>

  <cheat desc=" "/>
  <cheat desc="# 敌方 #"/>
  <cheat desc="　"/>

  <cheat desc=" ">
    <script state="run">
      <action>maincpu.pb@=</action>
    </script>
  </cheat>

</mamecheat>

<!--

RAM :

ROM :

-->