﻿<mamecheat version="1">

  <cheat desc=" "/>
  <cheat desc="# 通用 #"/>
  <cheat desc="　"/>

  <cheat desc="关卡时间  设置">
    <parameter>
      <item value="0x50">无限</item>  <!-- 设置90秒以下，故剧情模式中不会持续显示 -->
      <item value="0x00">0</item>
    </parameter>
    <script state="run">
      <action>maincpu.pb@81B6A2=param</action>
    </script>
  </cheat>

  <cheat desc="A面物品1  设置">
    <parameter>
      <item value="0x01">袖箭</item>
      <item value="0x02">白色弹珠</item>
      <item value="0x03">毒气桶</item>
      <item value="0x04">飞盘</item>
      <item value="0x05">火焰弹</item>
      <item value="0x06">绿色弹珠</item>
      <item value="0x07">金珠</item>
      <item value="0x08">毒蝎</item>
      <item value="0x09">毒镖</item>
      <item value="0x0A">铁莲花</item>
      <item value="0x0B">张陵剑</item>
      <item value="0x0C">张角巾</item>
      <item value="0x0D">太清丹经</item>
      <item value="0x0E">黄石公</item>
      <item value="0x0F">九节杖</item>
      <item value="0x10">隐身衣</item>
      <item value="0x11">神仙笔</item>
      <item value="0x12">蜂窝</item>
      <item value="0x13">天蚀符</item>
      <item value="0x14">蚁巢</item>
      <item value="0x15">沙漏</item>
      <item value="0x16">援军令</item>
      <item value="0x17">招安状</item>
      <item value="0x18">爆剑</item>
      <item value="0x19">火剑</item>
      <item value="0x1A">冰剑</item>
      <item value="0x1B">电剑</item>
      <item value="0x1C">白干酒</item>
      <item value="0x1D">杜康酒</item>
      <item value="0x1E">金蝎</item>
      <item value="0x1F">傀儡娃娃</item>
      <item value="0x20">圣火令</item>
      <item value="0x21">张良锤</item>
      <item value="0x22">史记残页</item>
      <item value="0x23">免死金牌</item>
      <item value="0x24">将军印</item>
      <item value="0x25">七星灯</item>
      <item value="0x26">青囊书</item>
      <item value="0x27">金匮要略</item>
      <item value="0x28">和氏璧</item>
      <item value="0x29">无名火</item>
      <item value="0x2A">方天画戟</item>
      <item value="0x2B">火箭</item>
      <item value="0x2C">风 - 太平要术</item>
      <item value="0x2D">雨 - 太平青领</item>
      <item value="0x2E">电 - 天遁书</item>
      <item value="0x2F">石 - 地遁书</item>
      <item value="0x30">火 - 人遁书</item>
      <item value="0x31">紫花</item>
      <item value="0x32">黄花</item>
      <item value="0x33">橙花</item>
      <item value="0x34">马超剑</item>
      <item value="0x35">诸葛剑</item>
      <item value="0x36">吕蒙</item>
      <item value="0x37">曹丕</item>
      <item value="0x38">曹彰</item>
      <item value="0x39">魏延</item>
      <item value="0x3A">司马懿</item>
      <item value="0x3B">夏侯惇</item>
      <item value="0x3C">左慈</item>
      <item value="0x3D">黄盖</item>
      <item value="0x3E">吕布</item>
      <item value="0x3F">夏侯渊</item>
      <item value="0x40">孟获</item>
      <item value="0x41">孟优</item>
      <item value="0x42">沙摩柯</item>
      <item value="0x43">阿斗</item>
      <item value="0x44">孙姬</item>
      <item value="0x45">曹操</item>
      <item value="0x46">彻里吉</item>
      <item value="0x47">越吉</item>
      <item value="0x4A">火把女</item>
      <item value="0x51">铁甲兵</item>
      <item value="0x53">铁链蛮兵</item>
      <item value="0x57">长枪兵</item>
      <item value="0x58">刀盾兵</item>
      <item value="0x59">弓箭兵</item>
      <item value="0x5C">火牛</item>
      <item value="0x5D">爆熊</item>
      <item value="0x5E">电虎</item>
      <item value="0x5F">冰豹</item>
    </parameter>
    <script state="change">
      <action>maincpu.pb@812AF2=param</action>
    </script>
  </cheat>

  <cheat desc="多玩家效果">
    <script state="run">
      <action>maincpu.rw@191FD4=4E71</action>  <!-- 出兵量 -->
    </script>
    <script state="off">
      <action>maincpu.rw@191FD4=6C04</action>  <!-- 出兵量 -->
    </script>
  </cheat>

  <cheat desc=" ">
    <script state="run">
      <action>maincpu.pb@=</action>
    </script>
  </cheat>

  <cheat desc=" "/>
  <cheat desc="# 我方 #"/>
  <cheat desc="　"/>

  <cheat desc="强制击中">
    <script state="run">
      <action>maincpu.rw@1660AE=4E71</action>  <!-- 常规攻击 - 是否能击中 -->
      <action>maincpu.rw@1660B0=4E71</action>
      <action>maincpu.rw@166080=6008</action>  <!-- 常规攻击 - 是否能远距离及背对击中 -->
      <action>maincpu.rw@1688DA=4E71</action>  <!-- 非常规攻击 - 是否能击中 -->
      <action>maincpu.rw@1688DC=4E71</action>
      <action>maincpu.rw@1688A8=6008</action>  <!-- 非常规攻击 - 是否能远距离及背对击中 -->
    </script>
    <script state="off">
      <action>maincpu.rw@1660AE=6700</action>  <!-- 常规攻击 - 是否能击中 -->
      <action>maincpu.rw@1660B0=0BAA</action>
      <action>maincpu.rw@166080=6608</action>  <!-- 常规攻击 - 是否能远距离及背对击中 -->
      <action>maincpu.rw@1688DA=6700</action>  <!-- 非常规攻击 - 是否能击中 -->
      <action>maincpu.rw@1688DC=04F4</action>
      <action>maincpu.rw@1688A8=6608</action>  <!-- 非常规攻击 - 是否能远距离及背对击中 -->
    </script>
  </cheat>

  <cheat desc="物品不减">
    <script state="run">
      <action>maincpu.rd@160414=4E714E71</action>
      <action>maincpu.rd@1605BC=4E714E71</action>
      <action>maincpu.rd@1605D8=4E714E71</action>
      <action>maincpu.rd@1605F6=4E714E71</action>
      <action>maincpu.rd@160602=4E714E71</action>
      <action>maincpu.rd@160612=4E714E71</action>
      <action>maincpu.rd@160618=4E714E71</action>
      <action>maincpu.rd@160636=4E714E71</action>
    </script>
    <script state="off">
      <action>maincpu.rd@160414=532B0001</action>
      <action>maincpu.rd@1605BC=532B0001</action>
      <action>maincpu.rd@1605D8=532B0001</action>
      <action>maincpu.rd@1605F6=532B0001</action>
      <action>maincpu.rd@160602=532B0001</action>
      <action>maincpu.rd@160612=532B0001</action>
      <action>maincpu.rd@160618=532B0001</action>
      <action>maincpu.rd@160636=532B0001</action>
    </script>
  </cheat>

  <cheat desc=" "/>
  <cheat desc="# 敌方 #"/>
  <cheat desc="　"/>

  <cheat desc="不攻击">
    <script state="run">
      <action>maincpu.pb@80DCFA=00</action>
    </script>
    <script state="off">
      <action>maincpu.pb@80DCFA=01</action>
    </script>
  </cheat>

  <cheat desc="不可动">
    <script state="run">
      <action>maincpu.pb@80DCFB=00</action>
    </script>
    <script state="off">
      <action>maincpu.pb@80DCFB=01</action>
    </script>
  </cheat>

  <cheat desc="慢动作">
    <script state="run">
      <action>maincpu.pb@80DCF6=FF</action>
    </script>
    <script state="off">
      <action>maincpu.pw@80DCF6=0000</action>
    </script>
  </cheat>

</mamecheat>

<!--

RAM :
    p1相关
        血量  // 实际值  811612

ROM :
    170C18  196A 0002 007F    // bp 170C18,A2!=3D3EC0&A2!=3D3ED0&A2!=2FEE00&A2!=3D3EE8&A2!=3D3EF8

==================================================

未完成：
    |  敌方不攻击
    |  敌方不可动
    |  解除敌方无敌
    |  敌兵随机爆物
    |  


-->