﻿<mamecheat version="1">

  <cheat desc=" "/>
  <cheat desc="# 通用 #"/>
  <cheat desc="　"/>

  <cheat desc="多玩家效果">
    <script state="run">
      <action>maincpu.rw@191FD4=4E71</action>  <!-- 出兵量 -->
    </script>
    <script state="off">
      <action>maincpu.rw@191FD4=6C04</action>  <!-- 出兵量 -->
    </script>
  </cheat>

  <cheat desc=" ">
    <script state="run">
      <action>maincpu.pb@=</action>
    </script>
  </cheat>

  <cheat desc=" "/>
  <cheat desc="# 我方 #"/>
  <cheat desc="　"/>

  <cheat desc="强制击中">
    <script state="run">
      <action>maincpu.rw@1660AE=4E71</action>  <!-- 常规攻击 - 是否能击中 -->
      <action>maincpu.rw@1660B0=4E71</action>
      <action>maincpu.rw@166080=6008</action>  <!-- 常规攻击 - 是否能远距离及背对击中 -->
      <action>maincpu.rw@1688DA=4E71</action>  <!-- 非常规攻击 - 是否能击中 -->
      <action>maincpu.rw@1688DC=4E71</action>
      <action>maincpu.rw@1688A8=6008</action>  <!-- 非常规攻击 - 是否能远距离及背对击中 -->
    </script>
    <script state="off">
      <action>maincpu.rw@1660AE=6700</action>  <!-- 常规攻击 - 是否能击中 -->
      <action>maincpu.rw@1660B0=0BAA</action>
      <action>maincpu.rw@166080=6608</action>  <!-- 常规攻击 - 是否能远距离及背对击中 -->
      <action>maincpu.rw@1688DA=6700</action>  <!-- 非常规攻击 - 是否能击中 -->
      <action>maincpu.rw@1688DC=04F4</action>
      <action>maincpu.rw@1688A8=6608</action>  <!-- 非常规攻击 - 是否能远距离及背对击中 -->
    </script>
  </cheat>

  <cheat desc=" ">
    <script state="run">
      <action>maincpu.pb@=</action>
    </script>
  </cheat>

  <cheat desc=" "/>
  <cheat desc="# 敌方 #"/>
  <cheat desc="　"/>

  <cheat desc=" ">
    <script state="run">
      <action>maincpu.pb@=</action>
    </script>
  </cheat>

</mamecheat>

<!--

RAM :

ROM :

-->