﻿<mamecheat version="1">

  <cheat desc=" "/>
  <cheat desc="# 通用 #"/>
  <cheat desc="　"/>

  <cheat desc="多玩家效果">
    <script state="run">
      <action>maincpu.rw@191E70=4E71</action>  <!-- 出兵量 -->
    </script>
    <script state="off">
      <action>maincpu.rw@191E70=6C04</action>  <!-- 出兵量 -->
    </script>
  </cheat>

  <cheat desc=" ">
    <script state="run">
      <action>maincpu.pb@=</action>
    </script>
  </cheat>

  <cheat desc=" "/>
  <cheat desc="# 我方 #"/>
  <cheat desc="　"/>

  <cheat desc="强制击中">
    <script state="run">
      <action>maincpu.rw@165F9C=4E71</action>  <!-- 常规攻击 - 是否能击中 -->
      <action>maincpu.rw@165F9E=4E71</action>
      <action>maincpu.rw@165F6E=6008</action>  <!-- 常规攻击 - 是否能远距离及背对击中 -->
      <action>maincpu.rw@1685DE=4E71</action>  <!-- 非常规攻击 - 是否能击中 -->
      <action>maincpu.rw@1685E0=4E71</action>
      <action>maincpu.rw@1685AC=6008</action>  <!-- 非常规攻击 - 是否能远距离及背对击中 -->
    </script>
    <script state="off">
      <action>maincpu.rw@165F9C=6700</action>  <!-- 常规攻击 - 是否能击中 -->
      <action>maincpu.rw@165F9E=09E0</action>
      <action>maincpu.rw@165F6E=6608</action>  <!-- 常规攻击 - 是否能远距离及背对击中 -->
      <action>maincpu.rw@1685DE=6700</action>  <!-- 非常规攻击 - 是否能击中 -->
      <action>maincpu.rw@1685E0=04F4</action>
      <action>maincpu.rw@1685AC=6608</action>  <!-- 非常规攻击 - 是否能远距离及背对击中 -->
    </script>
  </cheat>

  <cheat desc=" ">
    <script state="run">
      <action>maincpu.pb@=</action>
    </script>
  </cheat>

  <cheat desc=" "/>
  <cheat desc="# 敌方 #"/>
  <cheat desc="　"/>

  <cheat desc=" ">
    <script state="run">
      <action>maincpu.pb@=</action>
    </script>
  </cheat>

</mamecheat>

<!--

RAM :

ROM :

-->