﻿<mamecheat version="1">

  <cheat desc=" "/>
  <cheat desc="# 通用 #"/>
  <cheat desc="　"/>

  <cheat desc="各类时间不减">
    <script state="run">
      <action>maincpu.rd@7EFC=79909090</action>  <!-- 角色选择  // E2593 -->
    </script>
    <script state="off">
      <action>maincpu.rd@7EFC=7900042D</action>  <!-- 角色选择 -->
    </script>
  </cheat>

  <cheat desc=" "/>
  <cheat desc="# 我方 #"/>
  <cheat desc="　"/>

  <cheat desc="一击杀敌">
    <script state="run">
      <action>maincpu.rw@=</action>  <!-- blue ball - E5224 -->
    </script>
    <script state="off">
      <action>maincpu.rw@=</action>
    </script>
  </cheat>

  <cheat desc=" "/>
  <cheat desc="# 敌方 #"/>
  <cheat desc="　"/>

  <cheat desc="不可动">
    <script state="run">
      <action>maincpu.pw@E5226=00DC</action>
      <action>maincpu.pw@E5228=00C5</action>
    </script>
  </cheat>

</mamecheat>

<!--

RAM :

ROM :
    敌方血量减少    // 共用
        |  65589  2B C8

==================================================

笔记 :
    01  从右至左

-->