﻿<mamecheat version="1">

  <cheat desc="跳过ROM自检">
    <script state="run">
      <action>maincpu.rd@397C=EA00001E</action>
    </script>
    <script state="off">
      <action>maincpu.rd@397C=EA000018</action>
    </script>
  </cheat>

  <cheat desc="掉落物品不消失">
    <script state="run">
      <action>maincpu.rb@101998B2=FF</action>  <!-- 敌兵/宝箱掉落 - 道具 -->
      <action>maincpu.rb@101522EA=FF</action>  <!-- 敌兵/宝箱掉落 - 补给品 -->
    </script>
    <script state="off">
      <action>maincpu.rb@101998B2=1E</action>  <!-- 敌兵/宝箱掉落 - 道具 -->
      <action>maincpu.rb@101522EA=1E</action>  <!-- 敌兵/宝箱掉落 - 补给品 -->
    </script>
  </cheat>

  <cheat desc="修理店免费修理且时间不减">
    <script state="run">
      <action>maincpu.rw@1011B5DA=4600</action>  <!-- 时间 -->
      <action>maincpu.rw@1011BE6E=4600</action>  <!-- 修理已装备装备金钱检测 -->
      <action>maincpu.rw@1011BE76=1E00</action>  <!-- 修理已装备装备金钱消耗 -->
      <action>maincpu.rw@1011BA22=4600</action>  <!-- 修理未装备装备金钱检测 -->
      <action>maincpu.rw@1011BA2A=1E00</action>  <!-- 修理未装备装备金钱减少 -->
    </script>
    <script state="off">
      <action>maincpu.rw@1011B5DA=900B</action>  <!-- 时间 -->
      <action>maincpu.rw@1011BE6E=DB1C</action>  <!-- 修理已装备装备金钱检测 -->
      <action>maincpu.rw@1011BE76=1A40</action>  <!-- 修理已装备装备金钱消耗 -->
      <action>maincpu.rw@1011BA22=DB1C</action>  <!-- 修理未装备装备金钱检测 -->
      <action>maincpu.rw@1011BA2A=1B80</action>  <!-- 修理未装备装备金钱减少 -->
    </script>
  </cheat>

  <cheat desc="商店免费购物且时间不减">
    <comment>包括武器店和几类道具店</comment>
    <script state="run">
      <action>maincpu.rw@101193A0=4600</action>  <!-- 商店限时 -->
      <action>maincpu.rw@101195C6=4600</action>  <!-- 金币检测 -->
      <action>maincpu.rw@10119600=4600</action>  <!-- 金币减少 -->
    </script>
    <script state="off">
      <action>maincpu.rw@101193A0=9011</action>  <!-- 商店限时 -->
      <action>maincpu.rw@101195C6=DB2D</action>  <!-- 金币检测 -->
      <action>maincpu.rw@10119600=1A40</action>  <!-- 金币减少 -->
    </script>
  </cheat>

  <cheat desc="卡片次数  设置">
    <comment>读/存卡时多次回车确认直至读/存卡结束</comment>
    <parameter>
      <item value="0x01F5">500</item>
      <item value="0xFFFF">65535</item>
      <item value="0x0001">1</item>
    </parameter>
    <script state="change">
      <action>maincpu.pw@2003DC8E=param</action>  <!-- p1 -->
      <action>maincpu.pw@2003DD0A=param</action>  <!-- p2 -->
      <action>maincpu.pw@2003DD86=param</action>  <!-- p3 -->
      <action>maincpu.pw@2003DE02=param</action>  <!-- p4 -->
    </script>
  </cheat>

  <cheat desc="全关卡">
    <comment>全路线，IR模式通用</comment>
    <script state="run">
      <action condition="maincpu.pb@200201BA == 01">temp0=0, temp1=0, temp2=0</action>  <!-- 第一关初始化 -->
      <action condition="maincpu.pd@200201BA == 00040503 AND temp0 != 1">maincpu.pd@200201BA=00000004, temp0=1</action>  <!-- 若此关为 车迟国，下关为 碗子山 -->
      <action condition="maincpu.pd@200201BA == 00020504 AND temp0 != 1">maincpu.pd@200201BA=00000003, temp0=1</action>  <!-- 若此关为 碗子山，下关为 车迟国 -->
      <action condition="maincpu.pd@200201BA == 00090806 AND temp1 != 1">maincpu.pd@200201BA=00000007, temp1=1</action>  <!-- 若此关为 通天河，下关为 盘丝洞 -->
      <action condition="maincpu.pd@200201BA == 00020907 AND temp1 != 1">maincpu.pd@200201BA=00000006, temp1=1</action>  <!-- 若此关为 盘丝洞，下关为 通天河 -->
      <action condition="maincpu.pd@200201BA == 00030A08 AND temp2 != 1">maincpu.pd@200201BA=00000009, temp2=1</action>  <!-- 若此关为 狮驼岭，下关为 花果山 -->
      <action condition="maincpu.pd@200201BA == 00030A09 OR maincpu.pd@200201BA == 00040A09 AND temp2 != 1">maincpu.pd@200201BA=00000008, temp2=1</action>  <!-- 若此关为 花果山，下关为 狮驼岭 -->
      <action condition="maincpu.pb@200201BA == 0B">temp0=0, temp1=0, temp2=0</action>  <!-- 小雷音寺初始化 -->
    </script>
  </cheat>

  <cheat desc=" "/>
  <cheat desc="# d  关卡及场景选择 #"/>
  <cheat desc="　"/>

  <cheat desc="d  随机关">
    <parameter>
      <item value="0x00000001">花果山</item>
      <item value="0x00010001">高老庄</item>
      <item value="0x00020001">流沙河</item>
      <item value="0x00030001">南天门</item>
    </parameter>
    <script state="run">
      <action>maincpu.pd@200201BA=param</action>
    </script>
  </cheat>

  <cheat desc="d  平顶山">
    <parameter>
      <item value="0x00000002">初始场景</item>
      <item value="0x01010002">上路</item>
      <item value="0x02020002">上路 第二层</item>
      <item value="0x03030002">右路 洞窟</item>
      <item value="0x04040002">最终场景</item>
    </parameter>
    <script state="run">
      <action>maincpu.pd@200201BA=param</action>
    </script>
  </cheat>

  <cheat desc="d  车迟国">
    <parameter>
      <item value="0x00000003">初始场景</item>
      <item value="0x01010003">云层求雨</item>
      <item value="0x02020003">求雨失败 下路</item>
      <item value="0x05050003">求雨失败 下路 密室</item>
      <item value="0x03030003">求雨成功 鹿力仙场景</item>
      <item value="0x04040003">最终场景</item>
    </parameter>
    <script state="run">
      <action>maincpu.pd@200201BA=param</action>
    </script>
  </cheat>

  <cheat desc="d  碗子山">
    <parameter>
      <item value="0x00000004">初始场景</item>
      <item value="0x03030004">白骨精腹中</item>
      <item value="0x01010004">进洞前</item>
      <item value="0x02020004">最终场景</item>
    </parameter>
    <script state="run">
      <action>maincpu.pd@200201BA=param</action>
    </script>
  </cheat>

  <cheat desc="d  枯松涧">
    <parameter>
      <item value="0x00000005">初始场景</item>
      <item value="0x01010005">最终场景</item>
    </parameter>
    <script state="run">
      <action>maincpu.pd@200201BA=param</action>
    </script>
  </cheat>

  <cheat desc="d  通天河">
    <parameter>
      <item value="0x00000006">初始场景</item>
      <item value="0x01010006">冰层</item>
      <item value="0x02020006">下左洞</item>
      <item value="0x05050006">下左洞 再次下洞</item>
      <item value="0x04040006">下右洞</item>
      <item value="0x07070006">下右洞 再次下洞</item>
      <item value="0x03030006">下下洞</item>
      <item value="0x06060006">下下洞 再次下洞</item>
      <item value="0x08080006">章鱼场景</item>
      <item value="0x09090006">最终场景</item>
    </parameter>
    <script state="run">
      <action>maincpu.pd@200201BA=param</action>
    </script>
  </cheat>

  <cheat desc="d  盘丝洞">
    <parameter>
      <item value="0x00000007">初始场景</item>
      <item value="0x01010007">进洞</item>
      <item value="0x03030007">进洞 第一层 进右洞</item>
      <item value="0x02020007">最终场景</item>
    </parameter>
    <script state="run">
      <action>maincpu.pd@200201BA=param</action>
    </script>
  </cheat>

  <cheat desc="d  狮驼岭">
    <parameter>
      <item value="0x00000008">初始场景</item>
      <item value="0x01010008">A路 进洞</item>
      <item value="0x04040008">A路 蒸笼</item>
      <item value="0x02020008">B路 进洞</item>
      <item value="0x05050008">B路 宝石阵</item>
      <item value="0x03030008">最终场景</item>
    </parameter>
    <script state="run">
      <action>maincpu.pd@200201BA=param</action>
    </script>
  </cheat>

  <cheat desc="d  花果山">
    <parameter>
      <item value="0x00000009">初始场景</item>
      <item value="0x01010009">A路 空战</item>
      <item value="0x03030009">A路 最终场景</item>
      <item value="0x02020009">B路 山洞</item>
      <item value="0x04040009">B路 最终场景</item>
    </parameter>
    <script state="run">
      <action>maincpu.pd@200201BA=param</action>
    </script>
  </cheat>

  <cheat desc="d  火焰山">
    <parameter>
      <item value="0x0000000A">初始场景</item>
      <item value="0x0101000A">铁扇腹中</item>
      <item value="0x0202000A">进洞前</item>
      <item value="0x0404000A">上路</item>
      <item value="0x0303000A">下路 最终场景</item>
    </parameter>
    <script state="run">
      <action>maincpu.pd@200201BA=param</action>
    </script>
  </cheat>

  <cheat desc="d  小雷音寺">
    <parameter>
      <item value="0x0000000B">初始场景</item>
      <item value="0x0101000B">进门 站手指</item>
      <item value="0x02020B0B">手指幻境 1 - 道具封印</item>
      <item value="0x03030B0B">手指幻境 2 - 超必杀封印</item>
      <item value="0x04040B0B">手指幻境 3 - 格挡封印</item>
      <item value="0x06060B0B">手指幻境 4 - 装备封印</item>
      <item value="0x05050B0B">手指幻境 5 - 爆气封印</item>
      <item value="0x07070B0B">出幻境 最终决战场景</item>
    </parameter>
    <script state="run">
      <action>maincpu.pd@200201BA=param</action>
    </script>
  </cheat>

  <cheat desc=" "/>
  <cheat desc="# d  关卡设置 #"/>
  <cheat desc="　"/>

  <cheat desc="d  高老庄 - 必出婚轿且防住后直接怼翻">
    <comment>若已开启"角色无敌"，则婚轿会直接穿过角色</comment>
    <script state="run">
      <action>maincpu.pb@20020654=01</action>  <!-- 是否出现 -->
      <action>maincpu.pb@20020648=FF</action>  <!-- 对拼按键次数 -->
    </script>
  </cheat>

  <cheat desc="d  流沙河 - 必出游泳沙悟净且直接跳出">
    <script state="run">
      <action>maincpu.pb@20020670=01</action>  <!-- 是否出现 -->
      <action>maincpu.pb@20020674=01</action>  <!-- 是否打掉灯且击中 -->
    </script>
  </cheat>

  <cheat desc="d  南天门 - 必出二狗/玉兔且无视击杀顺序">
    <script state="run">
      <action>maincpu.pb@20020698=01</action>  <!-- 是否出现 -->
      <action>maincpu.rw@100C5934=4600</action>  <!-- 四色天兵击杀顺序  // 记录击杀顺序  200206AE -->
    </script>
    <script state="off">
      <action>maincpu.rw@100C5934=D11E</action>  <!-- 四色天兵击杀顺序 -->
    </script>
  </cheat>

  <cheat desc="d  花果山 - 宝箱必定落下且直接开启">
    <script state="run">
      <action>maincpu.pb@20020618=01</action>  <!-- 是否落下 -->
      <action>maincpu.pb@20020620=01</action>  <!-- 是否开启 -->
    </script>
  </cheat>

  <cheat desc="　"/>

  <cheat desc="d  平顶山 - 西币矿山">
    <script state="run">
      <action>maincpu.rw@100C5C6C=4600</action>  <!-- 矿车打击次数 -->
    </script>
    <script state="off">
      <action>maincpu.rw@100C5C6C=DD05</action>  <!-- 矿车打击次数 -->
    </script>
  </cheat>

  <cheat desc="d  平顶山 - 必出修理店">
    <comment>即使无卡或未通关一次，IR模式亦会出</comment>
    <script state="run">
      <action>maincpu.rw@100C672E=4600</action>  <!-- 是否通关一次 -->
      <action>maincpu.rw@100C6736=4600</action>  <!-- 当前模式是否为剧情模式 -->
    </script>
    <script state="off">
      <action>maincpu.rw@100C672E=D013</action>  <!-- 是否通关一次 -->
      <action>maincpu.rw@100C6736=D10F</action>  <!-- 当前模式是否为剧情模式 -->
    </script>
  </cheat>

  <cheat desc="d  平顶山 - 必能进上路">  <!-- 2005BCBC > 0 -->
    <script state="run">
      <action>maincpu.rw@100C69D8=4600</action>
    </script>
    <script state="off">
      <action>maincpu.rw@100C69D8=DD03</action>
    </script>
  </cheat>

  <cheat desc="d  平顶山 - 上路金角不狂暴">  <!-- 2005BCBC = 0000 -->
    <script state="run">
      <action>maincpu.rw@100C8E4C=E07A</action>
    </script>
    <script state="off">
      <action>maincpu.rw@100C8E4C=DD7A</action>
    </script>
  </cheat>

  <cheat desc="d  平顶山 - 上路金角武器箱自动出来">
    <script state="run">
      <action>maincpu.pb@20020750=01</action>  <!-- 是否打对灯笼 -->
    </script>
  </cheat>

  <cheat desc="　"/>

  <cheat desc="d  车迟国 - 求雨必定成功">
    <comment>即使虾兵未出现</comment>
    <script state="run">
      <action>maincpu.pb@200207AE=01</action>  <!-- 是否阻止敌方求雨成功 -->
    </script>
  </cheat>

  <cheat desc="d  车迟国 - 下路 油锅比拼必赢">
    <comment>进油锅且可按键后按一下A</comment>
    <script state="run">
      <action>maincpu.pb@20020838=FF</action>  <!-- 按键次数 -->
    </script>
  </cheat>

  <cheat desc="　"/>

  <cheat desc="d  枯松涧 - 五行柱字  设置">
    <comment>设置为金且打出武器箱后，金会变为木</comment>
    <parameter>
      <item value="0x0005">金</item>
      <item value="0x0003">木</item>
      <item value="0x0004">水</item>
      <item value="0x0002">火</item>
      <item value="0x0001">土</item>
    </parameter>
    <script state="run">
      <action>maincpu.pw@20020044=param</action>
    </script>
  </cheat>

  <cheat desc="d  枯松涧 - 五行车直接破">
    <script state="run">
      <action>maincpu.pb@20020926=01</action>  <!-- 五行车是否被冰属性接触 -->
    </script>
  </cheat>

  <cheat desc="　"/>

  <cheat desc="d  通天河 - IR模式必出武器店">
    <script state="run">
      <action>maincpu.rw@100E53B4=4600</action>
      <action>maincpu.rw@100E53BC=4600</action>
    </script>
    <script state="off">
      <action>maincpu.rw@100E53B4=D011</action>
      <action>maincpu.rw@100E53BC=D10D</action>
    </script>
  </cheat>

  <cheat desc="d  通天河 - 武器箱直接落下">
    <script state="run">
      <action>maincpu.pb@200209F4=01</action>  <!-- 是否使用四海瓶 -->
    </script>
  </cheat>

  <cheat desc="　"/>

  <cheat desc="d  狮驼岭 - 齿轮安装数量">
    <comment>按需设置，过关时会按设置的齿轮数量掉落不同的物品箱</comment>
    <parameter>
      <item value="0x00000001">1</item>
      <item value="0x00000101">2</item>
      <item value="0x00010101">3</item>
      <item value="0x01010101">4</item>
    </parameter>
    <script state="run">
      <action>maincpu.pd@20020ABD=param</action>
    </script>
  </cheat>

  <cheat desc="d  狮驼岭 - B路 风袋二气瓶对拼必赢">  <!-- 对拼按键次数  2007F130 -->
    <comment>无需按键</comment>
    <script state="run">
      <action>maincpu.rw@100F7E7A=1DE0</action>  <!-- ADD R0, R4, #7 -->
    </script>
    <script state="off">
      <action>maincpu.rw@100F7E7A=1E60</action>  <!-- SUB R0, R4, #1 -->
    </script>
  </cheat>

  <cheat desc="d  狮驼岭 - B路 宝石阵直接破">
    <comment>入阵后秒破</comment>
    <script state="run">
      <action>maincpu.pb@20063830=01</action>  <!-- 点亮 1 -->
      <action>maincpu.pb@20063832=01</action>  <!-- 点亮 2 -->
      <action>maincpu.pb@20063834=01</action>  <!-- 点亮 3 -->
      <action>maincpu.pb@20063836=01</action>  <!-- 点亮 4 -->
      <action>maincpu.pb@20063838=01</action>  <!-- 点亮 5 -->
    </script>
  </cheat>

  <cheat desc="　"/>

  <cheat desc="d  火焰山 - 铁扇不造反">  <!-- 剩余作战时间  20020C1A > 0 -->
    <comment>不论磨蹭多久都不会被扇走</comment>
    <script state="run">
      <action>maincpu.rw@10109226=E00B</action>
    </script>
    <script state="off">
      <action>maincpu.rw@10109226=D10B</action>
    </script>
  </cheat>

  <cheat desc="d  火焰山 - 必进铁扇肚子">
    <comment>即使物品栏没有小蜜蜂</comment>
    <script state="run">
      <action>maincpu.rw@1007433E=4600</action>  <!-- 是否携带小蜜蜂 -->
    </script>
    <script state="off">
      <action>maincpu.rw@1007433E=D104</action>  <!-- 是否携带小蜜蜂 -->
    </script>
  </cheat>

  <cheat desc="d  火焰山 - 铁扇心脏无限刷钱">
    <script state="run">
      <action condition="maincpu.rd@200201BA == 0101000A">maincpu.pb@2003F2DA=0A</action>  <!-- 心脏剩余可打出金钱次数  // 共用地址，故判断场景是否为铁扇心脏处，若是则开启 -->
    </script>
  </cheat>

  <cheat desc="d  火焰山 - 纸片人铁扇">  <!-- 按键次数  20020C78 -->
    <comment>按1次相当于按50次</comment>
    <script state="run">
      <action>maincpu.rw@1010D0C8=3050</action>  <!-- 上 -->
      <action>maincpu.rw@1010D0E6=3050</action>  <!-- 下 -->
    </script>
    <script state="off">
      <action>maincpu.rw@1010D0C8=1C40</action>  <!-- 上 -->
      <action>maincpu.rw@1010D0E6=1C40</action>  <!-- 下 -->
    </script>
  </cheat>

  <cheat desc="　"/>

  <cheat desc="d  小雷音寺 - 黄眉爆气状态  设置">
    <comment>无视当前持有经书数量</comment>
    <parameter>
      <item value="0x01">必定爆气</item>
      <item value="0x00">必定不爆气</item>
    </parameter>
    <script state="run">
      <action>maincpu.pb@20020DA8=param</action>
    </script>
  </cheat>

  <cheat desc="d  小雷音寺 - 爆气黄眉必出武器">
    <comment>即使不以AB或超必杀击败</comment>
    <script state="run">
      <action>maincpu.pb@20020D4C=01</action>
    </script>
  </cheat>

  <cheat desc="d  小雷音寺 - 必取真经">
    <comment>直接完成全部取经任务，不论之前任务是否完成，最终都能取到真经</comment>
    <script state="run">
      <action>maincpu.pb@20061E58=01</action>  <!-- 平顶山 -->
      <action>maincpu.pb@20061E5C=01</action>  <!-- 碗子山 -->
      <action>maincpu.pb@20061E5A=01</action>  <!-- 车迟国 -->
      <action>maincpu.pb@20061E5E=01</action>  <!-- 枯松涧 -->
      <action>maincpu.pb@20061E60=01</action>  <!-- 通天河 -->
      <action>maincpu.pb@20061E62=01</action>  <!-- 盘丝洞 -->
      <action>maincpu.pb@20061E68=01</action>  <!-- 花果山 - 上路 -->
      <action>maincpu.pb@20061E66=01</action>  <!-- 花果山 - 下路 -->
      <action>maincpu.pb@20061E64=01</action>  <!-- 狮驼岭 -->
      <action>maincpu.pb@20061E6A=01</action>  <!-- 火焰山 -->
    </script>
  </cheat>

  <cheat desc=" "/>
  <cheat desc="# 通用 #"/>
  <cheat desc="　"/>

  <cheat desc="d  关卡时间  设置">
    <parameter>
      <item value="0x50">无限</item>  <!-- 设置90秒以下，故剧情模式中不会持续显示 -->
      <item value="0x00">0</item>
    </parameter>
    <script state="run">
      <action condition="maincpu.pd@200201BA != 0101000B">maincpu.pb@200201BE=param</action>  <!-- 若当前场景为小雷音寺站手指处，则不锁定时间 -->
    </script>
  </cheat>

  <cheat desc="各类时间不减">
    <script state="run">
      <action>maincpu.rw@1008B7EA=4600</action>  <!-- 模式选择  // nop -->
      <action>maincpu.rw@100870DE=4600</action>  <!-- 角色选择  // nop -->
      <action>maincpu.rw@10083652=4600</action>  <!-- 插卡等待  // nop -->
    </script>
    <script state="off">
      <action>maincpu.rw@1008B7EA=1E40</action>  <!-- 模式选择  // SUB R0, R0, #1 -->
      <action>maincpu.rw@100870DE=1E40</action>  <!-- 角色选择  // SUB R0, R0, #1 -->
      <action>maincpu.rw@10083652=1E40</action>  <!-- 插卡等待  // SUB R0, R0, #1 -->
<!-- 剧情选择 -->
<!-- 通关签名 -->
<!-- 开卡签名 -->
    </script>
  </cheat>

  <cheat desc="多玩家效果">
    <script state="run">
      <action>maincpu.rw@10058536=4600</action>  <!-- 出兵量 -->
    </script>
    <script state="off">
      <action>maincpu.rw@10058536=DD01</action>  <!-- 出兵量 -->
    </script>
  </cheat>

  <cheat desc="d  幻境无限持续">
    <comment>关闭时立即解除幻境</comment>
    <script state="run">
      <action>maincpu.pb@200204B9=FF</action>
    </script>
    <script state="off">
      <action>maincpu.pb@200204B9=00</action>
    </script>
  </cheat>

  <cheat desc="d  遁入幻境">
    <comment>回车确认</comment>
    <script state="on">
      <action>maincpu.pb@20020488=01</action>
    </script>
  </cheat>

  <cheat desc=" "/>
  <cheat desc="# 我方 #"/>
  <cheat desc="　"/>

  <cheat desc="d  角色无敌">
    <script state="run">
      <action>maincpu.pb@20056DB2=01</action>  <!-- p1 -->
      <action>maincpu.pb@2005708E=01</action>  <!-- p2 -->
      <action>maincpu.pb@2005736A=01</action>  <!-- p3 -->
      <action>maincpu.pb@20057646=01</action>  <!-- p4 -->
    </script>
    <script state="off">
      <action>maincpu.pb@20056DB2=00</action>  <!-- p1 -->
      <action>maincpu.pb@2005708E=00</action>  <!-- p2 -->
      <action>maincpu.pb@2005736A=00</action>  <!-- p3 -->
      <action>maincpu.pb@20057646=00</action>  <!-- p4 -->
    </script>
  </cheat>

  <cheat desc="d  无限气">
    <script state="run">
      <action>maincpu.pb@2005F790=09</action>  <!-- p1 -->
      <action>maincpu.pb@2005F8B4=09</action>  <!-- p2 -->
      <action>maincpu.pb@2005F9D8=09</action>  <!-- p3 -->
      <action>maincpu.pb@2005FAFC=09</action>  <!-- p4 -->
    </script>
  </cheat>

  <cheat desc="d  无限物品">
    <comment>仅A面当前选定物品</comment>
    <script state="run">
      <action>maincpu.pb@20060120=09</action>  <!-- p1 -->
      <action>maincpu.pb@200603D0=09</action>  <!-- p2 -->
      <action>maincpu.pb@20060680=09</action>  <!-- p3 -->
      <action>maincpu.pb@20060930=09</action>  <!-- p4 -->
    </script>
  </cheat>

  <cheat desc="d  取消道具及技能使用限制">
    <script state="run">
<!-- 道具 -->
      <action>maincpu.rw@10074C90=2100</action>  <!-- 绝大部分 -->
      <action>maincpu.rw@100772C0=2200</action>  <!-- 雷公槌等 -->
<!-- 技能 -->
      <action>maincpu.rw@1003004A=4600</action>
    </script>
    <script state="off">
<!-- 道具 -->
      <action>maincpu.rw@10074C90=2101</action>  <!-- 绝大部分 -->
      <action>maincpu.rw@100772C0=2201</action>  <!-- 雷公槌等 -->
<!-- 技能 -->
      <action>maincpu.rw@1003004A=8191</action>
    </script>
  </cheat>

  <cheat desc="d  无限连击">  <!-- 挑战魔王第一boss - 200548C2 -->
    <script state="run">
      <action>maincpu.rw@100091A8=4600</action>  <!-- 大部分连击 -->
      <action>maincpu.rw@10009274=4600</action>  <!-- 如孙悟空空中↓A等 -->
    </script>
    <script state="off">
      <action>maincpu.rw@100091A8=5301</action>  <!-- 大部分连击 -->
      <action>maincpu.rw@10009274=5301</action>  <!-- 如孙悟空空中↓A等 -->
    </script>
  </cheat>

  <cheat desc="d  转身3A不倒">  <!-- 挑战魔王第一boss - 2005486E -->
    <script state="run">
      <action>maincpu.rw@1000DA8E=4600</action>
    </script>
    <script state="off">
      <action>maincpu.rw@1000DA8E=81C1</action>
    </script>
  </cheat>

  <cheat desc="d  无限制4A及取消招式">
    <script state="run">
      <action>maincpu.pb@20056C90=01</action>  <!-- p1 -->
      <action>maincpu.pb@20056F6C=01</action>  <!-- p2 -->
      <action>maincpu.pb@20057248=01</action>  <!-- p3 -->
      <action>maincpu.pb@20057524=01</action>  <!-- p4 -->
    </script>
  </cheat>

  <cheat desc="d  已穿戴装备耐久不减">
    <script state="run">
      <action>maincpu.rw@10077374=4600</action>  <!-- 武器 -->
      <action>maincpu.rw@10077412=4600</action>  <!-- 帽子 -->
      <action>maincpu.rw@1007748C=4600</action>  <!-- 衣服 -->
      <action>maincpu.rw@100774DA=4600</action>  <!-- 鞋子 -->
    </script>
    <script state="off">
      <action>maincpu.rw@10077374=1E40</action>  <!-- 武器 -->
      <action>maincpu.rw@10077412=1E40</action>  <!-- 帽子 -->
      <action>maincpu.rw@1007748C=1E40</action>  <!-- 衣服 -->
      <action>maincpu.rw@100774DA=1E40</action>  <!-- 鞋子 -->
    </script>
  </cheat>

  <cheat desc="d  超硬汉霸体">
    <script state="run">
      <action>maincpu.pb@20056D2F=01</action>  <!-- p1 -->
      <action>maincpu.pb@2005700B=01</action>  <!-- p2 -->
      <action>maincpu.pb@200572E7=01</action>  <!-- p3 -->
      <action>maincpu.pb@200575C3=01</action>  <!-- p4 -->
    </script>
    <script state="off">
      <action>maincpu.pb@20056D2F=00</action>  <!-- p1 -->
      <action>maincpu.pb@2005700B=00</action>  <!-- p2 -->
      <action>maincpu.pb@200572E7=00</action>  <!-- p3 -->
      <action>maincpu.pb@200575C3=00</action>  <!-- p4 -->
    </script>
  </cheat>

  <cheat desc="d  部分攻击间隔减少">
    <script state="run">
      <action>maincpu.rw@1000C3B8=4600</action>  <!-- 非道具 -->
      <action>maincpu.rw@1000C574=4600</action>  <!-- 道具 -->
    </script>
    <script state="off">
      <action>maincpu.rw@1000C3B8=5301</action>  <!-- 非道具 -->
      <action>maincpu.rw@1000C574=5301</action>  <!-- 道具 -->
    </script>
  </cheat>

  <cheat desc="d  无限制跳跃">
    <script state="run">
      <action>maincpu.rw@100233E4=4600</action>  <!-- 是否有二段跳装备以实现二段跳 -->
      <action>maincpu.rw@100232C8=4600</action>  <!-- 是否有二段跳装备以强制中断并跳跃 -->
<!-- 已跳跃次数 -->
      <action>maincpu.pb@20056DEC=00</action>  <!-- p1 -->
      <action>maincpu.pb@200570C8=00</action>  <!-- p2 -->
      <action>maincpu.pb@200573A4=00</action>  <!-- p3 -->
      <action>maincpu.pb@20057680=00</action>  <!-- p4 -->
    </script>
    <script state="off">
      <action>maincpu.rw@100233E4=D07E</action>  <!-- 是否有二段跳装备以实现二段跳 -->
      <action>maincpu.rw@100232C8=D078</action>  <!-- 是否有二段跳装备以强制中断并跳跃 -->
    </script>
  </cheat>

  <cheat desc="对敌强制破霸体">
    <script state="run">
      <action>maincpu.rw@1000D1F4=4600</action>  <!-- 非道具 -->
      <action>maincpu.rw@1000C1FA=4600</action>  <!-- 道具 -->
    </script>
    <script state="off">
      <action>maincpu.rw@1000D1F4=D101</action>  <!-- 非道具 -->
      <action>maincpu.rw@1000C1FA=D101</action>  <!-- 道具 -->
    </script>
  </cheat>

  <cheat desc="对敌强制破招">
    <comment>可各种花式鞭尸，即使敌方正准备起身亦可攻击到</comment>
    <script state="run">
      <action>maincpu.rw@1000D114=4600</action>  <!-- 非道具 -->
      <action>maincpu.rw@1000C102=4600</action>  <!-- 道具 -->
    </script>
    <script state="off">
      <action>maincpu.rw@1000D114=D105</action>  <!-- 非道具 -->
      <action>maincpu.rw@1000C102=D11F</action>  <!-- 道具 -->
    </script>
  </cheat>

  <cheat desc="属性攻击附魔">
    <comment>强制覆盖所有原有攻击属性，包括特定招式和装备</comment>
    <parameter>
      <item value="0x00">无</item>
      <item value="0x01">火</item>
      <item value="0x02">冰</item>
      <item value="0x03">电</item>
      <item value="0x04">毒</item>
      <item value="0x05">封</item>
      <item value="0x06">晕</item>
    </parameter>
    <script state="run">
      <action>maincpu.pb@20056D18=param</action>  <!-- p1 -->
      <action>maincpu.pb@20056FF4=param</action>  <!-- p2 -->
      <action>maincpu.pb@200572D0=param</action>  <!-- p3 -->
      <action>maincpu.pb@200575AC=param</action>  <!-- p4 -->
    </script>
  </cheat>

  <cheat desc="爆气时间不减">
    <comment>关闭后立即解除爆气状态</comment>
    <script state="run">
      <action>maincpu.rw@10029598=4600</action>
    </script>
    <script state="off">
      <action>maincpu.rw@10029598=5301</action>
<!-- 剩余时间 -->
      <action>maincpu.pw@20056D5A=0000</action>  <!-- p1 -->
      <action>maincpu.pw@20057036=0000</action>  <!-- p2 -->
      <action>maincpu.pw@20057312=0000</action>  <!-- p3 -->
      <action>maincpu.pw@200575EE=0000</action>  <!-- p4 -->
    </script>
  </cheat>

  <cheat desc="变身时间不减">
    <script state="run">
      <action>maincpu.rw@100947C6=4600</action>  <!-- 显示值  // nop -->
      <action>maincpu.rw@10029630=4600</action>  <!-- 实际值  // nop  -->
    </script>
    <script state="off">
      <action>maincpu.rw@100947C6=1E40</action>  <!-- 显示值  // SUB R0, R0, #1 -->
      <action>maincpu.rw@10029630=8248</action>  <!-- 实际值  // SUB R0, R0, #1 -->
    </script>
  </cheat>

  <cheat desc="二狗/玉兔时间不减">
    <comment>关闭时立即解除召唤</comment>
    <script state="run">
<!-- 剩余时间减少 -->
      <action>maincpu.rw@100947C6=4600</action>  <!-- 显示值  // nop -->
      <action>maincpu.rw@1005A632=4600</action>  <!-- 实际值  // nop  -->
    </script>
    <script state="off">
<!-- 剩余时间减少 -->
      <action>maincpu.rw@100947C6=1E40</action>  <!-- 显示值  // SUB R0, R0, #1 -->
      <action>maincpu.rw@1005A632=1E40</action>  <!-- 实际值  // SUB R0, R0, #1 -->
<!-- 剩余时间 -->
      <action>maincpu.pw@2005F65C=0000</action>  <!-- p1 -->
      <action>maincpu.pw@2005F670=0000</action>  <!-- p2 -->
      <action>maincpu.pw@2005F684=0000</action>  <!-- p3 -->
      <action>maincpu.pw@2005F698=0000</action>  <!-- p4 -->
    </script>
  </cheat>

  <cheat desc="d  获得满级经验">
    <comment>攻击一下敌方直接满级</comment>
    <script state="run">
      <action>maincpu.pd@2005F768=20FFFFFF</action>  <!-- p1 -->
      <action>maincpu.pd@2005F88C=20FFFFFF</action>  <!-- p2 -->
      <action>maincpu.pd@2005F9B0=20FFFFFF</action>  <!-- p3 -->
      <action>maincpu.pd@2005FAD4=20FFFFFF</action>  <!-- p4 -->
    </script>
  </cheat>

  <cheat desc="d  满级抛瓦  设置">
    <parameter>
      <item value="1">直接解锁</item>
      <item value="2">春哥附体</item>
    </parameter>
    <script state="run">
<!-- 直接解锁 -->
      <action condition="param==1">maincpu.pd@2005F7B6=02020206</action>  <!-- p1 -->
      <action condition="param==1">maincpu.pw@2005F7BA=0010</action>
      <action condition="param==1">maincpu.pd@2005F8DA=02020206</action>  <!-- p2 -->
      <action condition="param==1">maincpu.pw@2005F8DE=0010</action>
      <action condition="param==1">maincpu.pd@2005F9FE=02020206</action>  <!-- p3 -->
      <action condition="param==1">maincpu.pw@2005FA02=0010</action>
      <action condition="param==1">maincpu.pd@2005FB22=02020206</action>  <!-- p4 -->
      <action condition="param==1">maincpu.pw@2005FB26=0010</action>
<!-- 春哥附体 -->
      <action condition="param==2">maincpu.pd@2005F7B6=02FFFF06</action>  <!-- p1 -->
      <action condition="param==2">maincpu.pw@2005F7BA=FFFF</action>
      <action condition="param==2">maincpu.pd@2005F8DA=02FFFF06</action>  <!-- p2 -->
      <action condition="param==2">maincpu.pw@2005F8DE=FFFF</action>
      <action condition="param==2">maincpu.pd@2005F9FE=02FFFF06</action>  <!-- p3 -->
      <action condition="param==2">maincpu.pw@2005FA02=FFFF</action>
      <action condition="param==2">maincpu.pd@2005FB22=02FFFF06</action>  <!-- p4 -->
      <action condition="param==2">maincpu.pw@2005FB26=FFFF</action>
    </script>
  </cheat>

  <cheat desc="d  强制击中">
    <script state="run">
      <action>maincpu.rw@1000D164=4600</action>  <!-- 常规攻击 -->
      <action>maincpu.rw@1000C196=4600</action>  <!-- 道具及部分非常规攻击 -->
    </script>
    <script state="off">
      <action>maincpu.rw@1000D164=D179</action>  <!-- 常规攻击 -->
      <action>maincpu.rw@1000C196=D179</action>  <!-- 道具及部分非常规攻击 -->
    </script>
  </cheat>

  <cheat desc="d  过图随机换角色">
    <script state="run">
<!-- 判断其值，若为FF则表示未加入游戏，否则使角色代码自增 -->
      <action condition="maincpu.pb@2005F69E != FF">maincpu.pb@2005F69E+=1</action>  <!-- p1 -->
      <action condition="maincpu.pb@2005F7C2 != FF">maincpu.pb@2005F7C2+=1</action>  <!-- p2 -->
      <action condition="maincpu.pb@2005F8E6 != FF">maincpu.pb@2005F8E6+=1</action>  <!-- p3 -->
      <action condition="maincpu.pb@2005FA0A != FF">maincpu.pb@2005FA0A+=1</action>  <!-- p4 -->
<!-- 判断角色代码是否超标，若超标则置0 -->
      <action condition="maincpu.pb@2005F69E >= 0A">maincpu.pb@2005F69E=00</action>  <!-- p1 -->
      <action condition="maincpu.pb@2005F7C2 >= 0A">maincpu.pb@2005F7C2=00</action>  <!-- p2 -->
      <action condition="maincpu.pb@2005F8E6 >= 0A">maincpu.pb@2005F8E6=00</action>  <!-- p3 -->
      <action condition="maincpu.pb@2005FA0A >= 0A">maincpu.pb@2005FA0A=00</action>  <!-- p4 -->
    </script>
  </cheat>

  <cheat desc="无卡选择读卡角色">
    <comment>有卡的话就不要作死，选完角色后关闭</comment>
    <script state="run">
      <action>maincpu.pb@200203E2=01</action>  <!-- p1 -->
      <action>maincpu.pb@200203E3=01</action>  <!-- p2 -->
      <action>maincpu.pb@200203E4=01</action>  <!-- p3 -->
      <action>maincpu.pb@200203E5=01</action>  <!-- p4 -->
      <action condition="maincpu.pb@2005F69E != FF">maincpu.pb@200203E2=00</action>  <!-- p1 -->
      <action condition="maincpu.pb@2005F7C2 != FF">maincpu.pb@200203E3=00</action>  <!-- p2 -->
      <action condition="maincpu.pb@2005F8E6 != FF">maincpu.pb@200203E4=00</action>  <!-- p3 -->
      <action condition="maincpu.pb@2005FA0A != FF">maincpu.pb@200203E5=00</action>  <!-- p4 -->
    </script>
  </cheat>

  <cheat desc="可选重复角色">
    <comment>选完角色后关闭，否则过关无法结算</comment>
    <script state="run">
      <action condition="maincpu.pb@2007F158 == 01">maincpu.pb@2007F158=00</action>
      <action condition="maincpu.pb@2007F15A == 01">maincpu.pb@2007F15A=00</action>
      <action condition="maincpu.pb@2007F15C == 01">maincpu.pb@2007F15C=00</action>
      <action condition="maincpu.pb@2007F15E == 01">maincpu.pb@2007F15E=00</action>
      <action condition="maincpu.pb@2007F160 == 01">maincpu.pb@2007F160=00</action>
      <action condition="maincpu.pb@2007F162 == 01">maincpu.pb@2007F162=00</action>
      <action condition="maincpu.pb@2007F164 == 01">maincpu.pb@2007F164=00</action>
      <action condition="maincpu.pb@2007F166 == 01">maincpu.pb@2007F166=00</action>
      <action condition="maincpu.pb@2007F168 == 01">maincpu.pb@2007F168=00</action>
      <action condition="maincpu.pb@2007F16A == 01">maincpu.pb@2007F16A=00</action>
    </script>
  </cheat>

  <cheat desc="一击杀敌">
    <script state="run">
      <action>maincpu.rw@1001BAD6=E011</action>
    </script>
    <script state="off">
      <action>maincpu.rw@1001BAD6=DD11</action>
    </script>
  </cheat>

  <cheat desc="无限血量">
    <script state="run">
      <action>maincpu.pb@20056C40=99</action>  <!-- p1 -->
      <action>maincpu.pb@20056F1C=99</action>  <!-- p2 -->
      <action>maincpu.pb@200571F8=99</action>  <!-- p3 -->
      <action>maincpu.pb@200574D4=99</action>  <!-- p4 -->
    </script>
  </cheat>

  <cheat desc="满分数">
    <script state="run">
      <action>maincpu.pd@2005F784=FFFFFFFF</action>  <!-- p1 -->
      <action>maincpu.pd@2005F8A8=FFFFFFFF</action>  <!-- p2 -->
      <action>maincpu.pd@2005F9CC=FFFFFFFF</action>  <!-- p3 -->
      <action>maincpu.pd@2005FAF0=FFFFFFFF</action>  <!-- p4 -->
    </script>
  </cheat>

  <cheat desc="满西币">
    <script state="run">
      <action>maincpu.pw@2005F764=FFFF</action>  <!-- p1 -->
      <action>maincpu.pw@2005F888=FFFF</action>  <!-- p2 -->
      <action>maincpu.pw@2005F9AC=FFFF</action>  <!-- p3 -->
      <action>maincpu.pw@2005FAD0=FFFF</action>  <!-- p4 -->
    </script>
  </cheat>

  <cheat desc="拥有5本经书">
    <comment>可触发黄眉爆气</comment>
    <script state="run">
      <!-- p1 -->
      <action>maincpu.pb@20060223=D1</action>  <!-- 经书1 -->
      <action>maincpu.pb@20060224=01</action>
      <action>maincpu.pb@2006022D=D2</action>  <!-- 经书2 -->
      <action>maincpu.pb@2006022E=02</action>
      <action>maincpu.pb@20060237=D3</action>  <!-- 经书3 -->
      <action>maincpu.pb@20060238=03</action>
      <action>maincpu.pb@20060241=D4</action>  <!-- 经书4 -->
      <action>maincpu.pb@20060242=04</action>
      <action>maincpu.pb@2006024B=D5</action>  <!-- 经书5 -->
      <action>maincpu.pb@2006024C=05</action>
      <action>maincpu.pb@2006026A=09</action>  <!-- 开启拥有5本经书所需格子 -->
      <!-- p2 -->
      <action>maincpu.pb@200604D3=D1</action>  <!-- 经书1 -->
      <action>maincpu.pb@200604D4=01</action>
      <action>maincpu.pb@200604DD=D2</action>  <!-- 经书2 -->
      <action>maincpu.pb@200604DE=02</action>
      <action>maincpu.pb@200604E7=D3</action>  <!-- 经书3 -->
      <action>maincpu.pb@200604E8=03</action>
      <action>maincpu.pb@200604F1=D4</action>  <!-- 经书4 -->
      <action>maincpu.pb@200604F2=04</action>
      <action>maincpu.pb@200604FB=D5</action>  <!-- 经书5 -->
      <action>maincpu.pb@200604FC=05</action>
      <action>maincpu.pb@2006051A=09</action>  <!-- 开启拥有5本经书所需格子 -->
      <!-- p3 -->
      <action>maincpu.pb@20060783=D1</action>  <!-- 经书1 -->
      <action>maincpu.pb@20060784=01</action>
      <action>maincpu.pb@2006078D=D2</action>  <!-- 经书2 -->
      <action>maincpu.pb@2006078E=02</action>
      <action>maincpu.pb@20060797=D3</action>  <!-- 经书3 -->
      <action>maincpu.pb@20060798=03</action>
      <action>maincpu.pb@200607A1=D4</action>  <!-- 经书4 -->
      <action>maincpu.pb@200607A2=04</action>
      <action>maincpu.pb@200607AB=D5</action>  <!-- 经书5 -->
      <action>maincpu.pb@200607AC=05</action>
      <action>maincpu.pb@200607CA=09</action>  <!-- 开启拥有5本经书所需格子 -->
      <!-- p4 -->
      <action>maincpu.pb@20060A33=D1</action>  <!-- 经书1 -->
      <action>maincpu.pb@20060A34=01</action>
      <action>maincpu.pb@20060A3D=D2</action>  <!-- 经书2 -->
      <action>maincpu.pb@20060A3E=02</action>
      <action>maincpu.pb@20060A47=D3</action>  <!-- 经书3 -->
      <action>maincpu.pb@20060A48=03</action>
      <action>maincpu.pb@20060A51=D4</action>  <!-- 经书4 -->
      <action>maincpu.pb@20060A52=04</action>
      <action>maincpu.pb@20060A5B=D5</action>  <!-- 经书5 -->
      <action>maincpu.pb@20060A5C=05</action>
      <action>maincpu.pb@20060A7A=09</action>  <!-- 开启拥有5本经书所需格子 -->
    </script>
  </cheat>

  <cheat desc=" "/>
  <cheat desc="# 敌方 #"/>
  <cheat desc="　"/>

  <cheat desc="d  不攻击">
    <script state="run">
      <action>maincpu.pb@200200A2=00</action>
    </script>
    <script state="off">
      <action>maincpu.pb@200200A2=01</action>
    </script>
  </cheat>

  <cheat desc="d  不可动">
    <script state="run">
      <action>maincpu.pb@200200A3=00</action>
    </script>
	<script state="off">
      <action>maincpu.pb@200200A3=01</action>
    </script>
  </cheat>

  <cheat desc="死亡落地直接消失">
    <script state="run">
      <action>maincpu.rw@10078BE0=4600</action>  <!-- 敌将血条是否归0 -->
      <action>maincpu.rw@1001D7B8=E011</action>  <!-- 敌方尸体闪烁 -->
    </script>
    <script state="off">
      <action>maincpu.rw@10078BE0=D101</action>
      <action>maincpu.rw@1001D7B8=DD11</action>
    </script>
  </cheat>

  <cheat desc="敌兵可无限撞出物品">
    <script state="run">
      <action>maincpu.rw@10091D26=4600</action>
    </script>
    <script state="off">
      <action>maincpu.rw@10091D26=5301</action>
    </script>
  </cheat>

  <cheat desc="d  全员超硬汉">
    <script state="run">
      <action>maincpu.rw@1000D1F4=E001</action>  <!-- 非道具 -->
      <action>maincpu.rw@1000C1FA=E001</action>  <!-- 道具 -->
    </script>
    <script state="off">
      <action>maincpu.rw@1000D1F4=D101</action>  <!-- 非道具 -->
      <action>maincpu.rw@1000C1FA=D101</action>  <!-- 道具 -->
    </script>
  </cheat>

  <cheat desc="d  敌兵逃跑状态  设置">
    <parameter>
      <item value="0x0000">直接逃跑</item>
      <item value="0xFFFF">永不逃跑</item>
    </parameter>
    <script state="run">
      <action>maincpu.pw@2005BCA8=param</action>
    </script>
  </cheat>

  <cheat desc="血量不减">
    <script state="run">
      <action>maincpu.rw@1001BAEA=4600</action>
    </script>
    <script state="off">
      <action>maincpu.rw@1001BAEA=8181</action>
    </script>
  </cheat>

  <cheat desc=" "/>
  <cheat desc="# d  物品设置 #"/>
  <cheat desc="　"/>

  <cheat desc="d  物品格数全开">
    <script state="run">
<!-- A面 -->
      <action>maincpu.pb@20060268=06</action>  <!-- p1 -->
      <action>maincpu.pb@20060518=06</action>  <!-- p2 -->
      <action>maincpu.pb@200607C8=06</action>  <!-- p3 -->
      <action>maincpu.pb@20060A78=06</action>  <!-- p4 -->
<!-- B面 -->
      <action>maincpu.pb@20060269=06</action>  <!-- p1 -->
      <action>maincpu.pb@20060519=06</action>  <!-- p2 -->
      <action>maincpu.pb@200607C9=06</action>  <!-- p3 -->
      <action>maincpu.pb@20060A79=06</action>  <!-- p4 -->
    </script>
  </cheat>

  <cheat desc="　"/>

  <cheat desc="d  A面 - 物品1 - [道具]">
    <comment>回车确认</comment>
    <parameter>
      <item value="0xA0">冰箭术</item>
      <item value="0xA1">钻石尘</item>
      <item value="0xA2">阎王的吐息</item>
      <item value="0xA3">火海术</item>
      <item value="0xA4">流星雨</item>
      <item value="0xA5">天罚</item>
      <item value="0xA6">雷之墙</item>
      <item value="0xA7">雷神进军</item>
      <item value="0xA8">圣裁之墙</item>
      <item value="0xA9">回头是岸</item>
      <item value="0xAA">引渡西方</item>
      <item value="0xAB">永劫轮回</item>
      <item value="0xAC">神光术</item>
      <item value="0xAD">神威光连打</item>
      <item value="0xAE">变异之光</item>
      <item value="0xAF">巨灵召唤</item>
      <item value="0xB0">巨灵之怒</item>
      <item value="0xB1">诸神之舞</item>
      <item value="0xB2">追魂刀</item>
      <item value="0xB3">震地弹</item>
      <item value="0xB4">乱心烟</item>
      <item value="0xB5">五雷符</item>
      <item value="0xB6">化毒草</item>
      <item value="0xB7">万应丹</item>
      <item value="0xB8">上古龙卵</item>
      <item value="0xB9">鬼蜂窝</item>
      <item value="0xBA">散花镖</item>
      <item value="0xBB">震天雷</item>
      <item value="0xBC">齿轮</item>
      <item value="0xBD">幌金绳</item>
      <item value="0xBE">紫金葫芦</item>
      <item value="0xBF">白玉盂</item>
      <item value="0xC0">人种袋</item>
      <item value="0xC1">冷龙令</item>
      <item value="0xC2">五行车</item>
      <item value="0xC3">阴阳二气瓶</item>
      <item value="0xC4">倒马毒桩</item>
      <item value="0xC5">紫金铃</item>
      <item value="0xC6">召雷令牌</item>
      <item value="0xC7">雷公锤</item>
      <item value="0xC8">玲珑塔</item>
      <item value="0xC9">定风珠</item>
      <item value="0xCA">风袋</item>
      <item value="0xCB">落宝金钱</item>
      <item value="0xCC">神灵护身符</item>
      <item value="0xCD">四海瓶</item>
      <item value="0xCE">九天玄冰扇</item>
      <item value="0xCF">五火神焰扇</item>
      <item value="0xD0">天将令</item>
    </parameter>
    <script state="change">
<!-- 物品代码 -->
      <action>maincpu.pb@2006011F=param</action>  <!-- p1 -->
      <action>maincpu.pb@200603CF=param</action>  <!-- p2 -->
      <action>maincpu.pb@2006067F=param</action>  <!-- p3 -->
      <action>maincpu.pb@2006092F=param</action>  <!-- p4 -->
<!-- 数量检测  // 若为0则置1，否则无法使用 -->
      <action condition="maincpu.pb@20060120 == 00">maincpu.pb@20060120=01</action>  <!-- p1 -->
      <action condition="maincpu.pb@200603D0 == 00">maincpu.pb@200603D0=01</action>  <!-- p2 -->
      <action condition="maincpu.pb@20060680 == 00">maincpu.pb@20060680=01</action>  <!-- p3 -->
      <action condition="maincpu.pb@20060930 == 00">maincpu.pb@20060930=01</action>  <!-- p4 -->
    </script>
  </cheat>

  <cheat desc="d  A面 - 物品1 - [降将]">
    <comment>回车确认</comment>
    <parameter>
      <item value="0x8F">牛魔王</item>
      <item value="0x90">金角</item>
      <item value="0x91">银角</item>
      <item value="0x92">白骨精</item>
      <item value="0x93">黄袍老怪</item>
      <item value="0x94">虎力仙</item>
      <item value="0x95">羊力仙</item>
      <item value="0x96">鹿力仙</item>
      <item value="0x97">金鱼精</item>
      <item value="0x98">六耳猕猴</item>
      <item value="0x99">红孩儿</item>
      <item value="0x9A">大鹏王</item>
      <item value="0x9B">白象王</item>
      <item value="0x9C">青狮王</item>
      <item value="0x9D">蝎子精</item>
      <item value="0x9E">小白鼠</item>
      <item value="0x9F">小蜜蜂</item>
    </parameter>
    <script state="change">
<!-- 物品代码 -->
      <action>maincpu.pb@2006011F=param</action>  <!-- p1 -->
      <action>maincpu.pb@200603CF=param</action>  <!-- p2 -->
      <action>maincpu.pb@2006067F=param</action>  <!-- p3 -->
      <action>maincpu.pb@2006092F=param</action>  <!-- p4 -->
<!-- 数量检测  // 若为0则置1，否则无法使用 -->
      <action condition="maincpu.pb@20060120 == 00">maincpu.pb@20060120=01</action>  <!-- p1 -->
      <action condition="maincpu.pb@200603D0 == 00">maincpu.pb@200603D0=01</action>  <!-- p2 -->
      <action condition="maincpu.pb@20060680 == 00">maincpu.pb@20060680=01</action>  <!-- p3 -->
      <action condition="maincpu.pb@20060930 == 00">maincpu.pb@20060930=01</action>  <!-- p4 -->
    </script>
  </cheat>

  <cheat desc="d  A面 - 物品1 - [武器]">
    <comment>回车确认</comment>
    <parameter>
      <item value="0X01">[孙悟空]  金箍棒</item>
      <item value="0X02">[孙悟空]  通天棍</item>
      <item value="0X03">[孙悟空]  蟠龙破岩棍</item>
      <item value="0X04">[孙悟空]  双炼神棒</item>
      <item value="0X05">[孙悟空]  六轮烈日棍</item>
      <item value="0X06">[孙悟空]  天罡棍</item>
      <item value="0X07">[孙悟空]  超大圣</item>
      <item value="0X08">[孙悟空]  不动龙棍</item>
      <item value="0X09">[孙悟空]  猿神擎天柱</item>
      <item value="0X0A">[猪八戒]  九齿</item>
      <item value="0X0B">[猪八戒]  妖魔忏</item>
      <item value="0X0C">[猪八戒]  异界轮回</item>
      <item value="0X0D">[猪八戒]  神兽牙</item>
      <item value="0X0E">[猪八戒]  四季钉粑</item>
      <item value="0X0F">[猪八戒]  地煞星</item>
      <item value="0X10">[猪八戒]  狱齿</item>
      <item value="0X11">[猪八戒]  天罚钉</item>
      <item value="0X12">[猪八戒]  巨豚钉</item>
      <item value="0X13">[沙悟净]  降魔宝杵</item>
      <item value="0X14">[沙悟净]  黑河月牙铲</item>
      <item value="0X15">[沙悟净]  金刚</item>
      <item value="0X16">[沙悟净]  北辰</item>
      <item value="0X17">[沙悟净]  水妖月牙</item>
      <item value="0X18">[沙悟净]  降魔金刚杵</item>
      <item value="0X19">[沙悟净]  寒冰冻镜铲</item>
      <item value="0X1A">[沙悟净]  天狼</item>
      <item value="0X1B">[沙悟净]  无常</item>
      <item value="0X1C">[二郎神]  方天</item>
      <item value="0X1D">[二郎神]  霸气枪</item>
      <item value="0X1E">[二郎神]  十字天轮</item>
      <item value="0X1F">[二郎神]  驹逢鹏翼枪</item>
      <item value="0X20">[二郎神]  八方天外</item>
      <item value="0X21">[二郎神]  翼影枪</item>
      <item value="0X22">[二郎神]  啸天十字枪</item>
      <item value="0X23">[二郎神]  圣君十字轮</item>
      <item value="0X24">[二郎神]  焦炎绝翼枪</item>
      <item value="0X25">[小龙女]  疾风镰</item>
      <item value="0X26">[小龙女]  龙神爪破</item>
      <item value="0X27">[小龙女]  龙鳞切</item>
      <item value="0X28">[小龙女]  天魔双刃刃</item>
      <item value="0X29">[小龙女]  大旋风</item>
      <item value="0X2A">[小龙女]  迦罗切</item>
      <item value="0X2B">[小龙女]  饕餮无影爪</item>
      <item value="0X2C">[小龙女]  冷翼双刃</item>
      <item value="0X2D">[小龙女]  白龙双翼刃</item>
      <item value="0X2E">[铁扇]  铁扇</item>
      <item value="0X2F">[铁扇]  芭蕉扇</item>
      <item value="0X30">[铁扇]  凤凰焰羽扇</item>
      <item value="0X31">[铁扇]  清风扇</item>
      <item value="0X32">[铁扇]  如意宝扇</item>
      <item value="0X33">[铁扇]  阴阳浦扇</item>
      <item value="0X34">[铁扇]  弥勒喜福扇</item>
      <item value="0X35">[铁扇]  凶鸟羽扇</item>
      <item value="0X36">[铁扇]  金羽散翅扇</item>
      <item value="0X37">[紫衣]  无名剑</item>
      <item value="0X38">[紫衣]  紫蝶</item>
      <item value="0X39">[紫衣]  辟邪剑</item>
      <item value="0X3A">[紫衣]  光霸天</item>
      <item value="0X3B">[紫衣]  紫砂剑</item>
      <item value="0X3C">[紫衣]  牡丹</item>
      <item value="0X3D">[紫衣]  八百银花</item>
      <item value="0X3E">[紫衣]  切光</item>
      <item value="0X3F">[紫衣]  七星龙渊</item>
      <item value="0X40">[嫦娥]  天宫伞</item>
      <item value="0X41">[嫦娥]  八宝伞</item>
      <item value="0X42">[嫦娥]  天伞·弦月</item>
      <item value="0X43">[嫦娥]  灵气宝伞</item>
      <item value="0X44">[嫦娥]  五色伞</item>
      <item value="0X45">[嫦娥]  天伞·满月</item>
      <item value="0X46">[嫦娥]  花好月圆</item>
      <item value="0X47">[嫦娥]  月下舞伞</item>
      <item value="0X48">[嫦娥]  妖伞·叠雨</item>
      <item value="0X49">[唐三藏]  九锡</item>
      <item value="0X4A">[唐三藏]  宝轮</item>
      <item value="0X4B">[唐三藏]  佛光遍照</item>
      <item value="0X4C">[唐三藏]  虚无</item>
      <item value="0X4D">[唐三藏]  八十八佛</item>
      <item value="0X4E">[唐三藏]  大极乐</item>
      <item value="0X4F">[唐三藏]  四大皆空</item>
      <item value="0X50">[唐三藏]  因果</item>
      <item value="0X51">[唐三藏]  先知</item>
      <item value="0X52">[蜘蛛精]  蜘蛛牙</item>
      <item value="0X53">[蜘蛛精]  狼蜘蛛牙</item>
      <item value="0X54">[蜘蛛精]  罪之一方</item>
      <item value="0X55">[蜘蛛精]  零度之吻</item>
      <item value="0X56">[蜘蛛精]  豺狼爪牙</item>
      <item value="0X57">[蜘蛛精]  血腥淑女</item>
      <item value="0X58">[蜘蛛精]  黑寡妇</item>
      <item value="0X59">[蜘蛛精]  灾害</item>
      <item value="0X5A">[蜘蛛精]  蚩尤鬼手</item>
    </parameter>
    <script state="change">
<!-- 物品代码 -->
      <action>maincpu.pb@2006011F=param</action>  <!-- p1 -->
      <action>maincpu.pb@200603CF=param</action>  <!-- p2 -->
      <action>maincpu.pb@2006067F=param</action>  <!-- p3 -->
      <action>maincpu.pb@2006092F=param</action>  <!-- p4 -->
<!-- 数量检测  // 若为0则置1，否则无法使用 -->
      <action condition="maincpu.pb@20060120 == 00">maincpu.pb@20060120=01</action>  <!-- p1 -->
      <action condition="maincpu.pb@200603D0 == 00">maincpu.pb@200603D0=01</action>  <!-- p2 -->
      <action condition="maincpu.pb@20060680 == 00">maincpu.pb@20060680=01</action>  <!-- p3 -->
      <action condition="maincpu.pb@20060930 == 00">maincpu.pb@20060930=01</action>  <!-- p4 -->
    </script>
  </cheat>

  <cheat desc="d  A面 - 物品1 - [帽子]">
    <comment>回车确认</comment>
    <parameter>
      <item value="0x5B">通天冠</item>
      <item value="0x5C">黄袍冠</item>
      <item value="0x5D">死骨发饰</item>
      <item value="0x5E">玄武冠</item>
      <item value="0x5F">麒麟冠</item>
      <item value="0x60">凤驱冠</item>
      <item value="0x61">螭冠</item>
      <item value="0x62">天爆碎炎冠</item>
      <item value="0x63">阎王冠</item>
      <item value="0x64">洛神冠</item>
      <item value="0x7D">箕星冠</item>
      <item value="0x80">辰砂冠</item>
      <item value="0x83">业火冠</item>
      <item value="0x86">霜莲露雨簪</item>
      <item value="0x89">的驴战盔</item>
      <item value="0x8C">翡翠明冠</item>
    </parameter>
    <script state="change">
<!-- 物品代码 -->
      <action>maincpu.pb@2006011F=param</action>  <!-- p1 -->
      <action>maincpu.pb@200603CF=param</action>  <!-- p2 -->
      <action>maincpu.pb@2006067F=param</action>  <!-- p3 -->
      <action>maincpu.pb@2006092F=param</action>  <!-- p4 -->
<!-- 数量检测  // 若为0则置1，否则无法使用 -->
      <action condition="maincpu.pb@20060120 == 00">maincpu.pb@20060120=01</action>  <!-- p1 -->
      <action condition="maincpu.pb@200603D0 == 00">maincpu.pb@200603D0=01</action>  <!-- p2 -->
      <action condition="maincpu.pb@20060680 == 00">maincpu.pb@20060680=01</action>  <!-- p3 -->
      <action condition="maincpu.pb@20060930 == 00">maincpu.pb@20060930=01</action>  <!-- p4 -->
    </script>
  </cheat>

  <cheat desc="d  A面 - 物品1 - [衣服]">
    <comment>回车确认</comment>
    <parameter>
      <item value="0x65">清心紫金带</item>
      <item value="0x66">护法袈裟</item>
      <item value="0x67">修罗战衣</item>
      <item value="0x68">罗剎布缀</item>
      <item value="0x69">化劲棉衣</item>
      <item value="0x6A">辟火衫</item>
      <item value="0x6B">龙王逆鳞甲</item>
      <item value="0x6C">长生仙袍</item>
      <item value="0x6D">狂牛战盔</item>
      <item value="0x6E">无双英雄</item>
      <item value="0x6F">绝代佳人</item>
      <item value="0x70">紫金八卦镜</item>
      <item value="0x7E">御风练甲</item>
      <item value="0x81">微尘甲</item>
      <item value="0x84">焦炎世界</item>
      <item value="0x87">薄雾仙衣</item>
      <item value="0x8A">爪黄飞电</item>
      <item value="0x8D">琥珀软玉袍</item>
    </parameter>
    <script state="change">
<!-- 物品代码 -->
      <action>maincpu.pb@2006011F=param</action>  <!-- p1 -->
      <action>maincpu.pb@200603CF=param</action>  <!-- p2 -->
      <action>maincpu.pb@2006067F=param</action>  <!-- p3 -->
      <action>maincpu.pb@2006092F=param</action>  <!-- p4 -->
<!-- 数量检测  // 若为0则置1，否则无法使用 -->
      <action condition="maincpu.pb@20060120 == 00">maincpu.pb@20060120=01</action>  <!-- p1 -->
      <action condition="maincpu.pb@200603D0 == 00">maincpu.pb@200603D0=01</action>  <!-- p2 -->
      <action condition="maincpu.pb@20060680 == 00">maincpu.pb@20060680=01</action>  <!-- p3 -->
      <action condition="maincpu.pb@20060930 == 00">maincpu.pb@20060930=01</action>  <!-- p4 -->
    </script>
  </cheat>

  <cheat desc="d  A面 - 物品1 - [腰带]">
    <comment>回车确认</comment>
    <parameter>
      <item value="0x71">虎皮腰带</item>
      <item value="0x72">骷髅腰带</item>
      <item value="0x73">疾风腰带</item>
      <item value="0x74">星宿腰带</item>
      <item value="0x75">月轮腰带</item>
      <item value="0x76">日轮腰带</item>
      <item value="0x77">枳首蛇</item>
      <item value="0x78">不摧腰带</item>
      <item value="0x79">伏羲腰带</item>
      <item value="0x7A">女娲腰带</item>
      <item value="0x7B">风神之环</item>
      <item value="0x7C">清心围腰</item>
      <item value="0x7F">镇风带</item>
      <item value="0x82">玄石履</item>
      <item value="0x85">六道劫火环</item>
      <item value="0x88">冰种环</item>
      <item value="0x8B">赤龙驹蹄</item>
      <item value="0x8E">五色琉璃靴</item>
    </parameter>
    <script state="change">
<!-- 物品代码 -->
      <action>maincpu.pb@2006011F=param</action>  <!-- p1 -->
      <action>maincpu.pb@200603CF=param</action>  <!-- p2 -->
      <action>maincpu.pb@2006067F=param</action>  <!-- p3 -->
      <action>maincpu.pb@2006092F=param</action>  <!-- p4 -->
<!-- 数量检测  // 若为0则置1，否则无法使用 -->
      <action condition="maincpu.pb@20060120 == 00">maincpu.pb@20060120=01</action>  <!-- p1 -->
      <action condition="maincpu.pb@200603D0 == 00">maincpu.pb@200603D0=01</action>  <!-- p2 -->
      <action condition="maincpu.pb@20060680 == 00">maincpu.pb@20060680=01</action>  <!-- p3 -->
      <action condition="maincpu.pb@20060930 == 00">maincpu.pb@20060930=01</action>  <!-- p4 -->
    </script>
  </cheat>

  <cheat desc="d  B面 - 物品1 - [武器]">
    <comment>回车确认</comment>
    <parameter>
      <item value="0x01">[孙悟空]  金箍棒</item>
      <item value="0x02">[孙悟空]  通天棍</item>
      <item value="0x03">[孙悟空]  蟠龙破岩棍</item>
      <item value="0x04">[孙悟空]  双炼神棒</item>
      <item value="0x05">[孙悟空]  六轮烈日棍</item>
      <item value="0x06">[孙悟空]  天罡棍</item>
      <item value="0x07">[孙悟空]  超大圣</item>
      <item value="0x08">[孙悟空]  不动龙棍</item>
      <item value="0x09">[孙悟空]  猿神擎天柱</item>
      <item value="0x0A">[猪八戒]  九齿</item>
      <item value="0x0B">[猪八戒]  妖魔忏</item>
      <item value="0x0C">[猪八戒]  异界轮回</item>
      <item value="0x0D">[猪八戒]  神兽牙</item>
      <item value="0x0E">[猪八戒]  四季钉粑</item>
      <item value="0x0F">[猪八戒]  地煞星</item>
      <item value="0x10">[猪八戒]  狱齿</item>
      <item value="0x11">[猪八戒]  天罚钉</item>
      <item value="0x12">[猪八戒]  巨豚钉</item>
      <item value="0x13">[沙悟净]  降魔宝杵</item>
      <item value="0x14">[沙悟净]  黑河月牙铲</item>
      <item value="0x15">[沙悟净]  金刚</item>
      <item value="0x16">[沙悟净]  北辰</item>
      <item value="0x17">[沙悟净]  水妖月牙</item>
      <item value="0x18">[沙悟净]  降魔金刚杵</item>
      <item value="0x19">[沙悟净]  寒冰冻镜铲</item>
      <item value="0x1A">[沙悟净]  天狼</item>
      <item value="0x1B">[沙悟净]  无常</item>
      <item value="0x1C">[二郎神]  方天</item>
      <item value="0x1D">[二郎神]  霸气枪</item>
      <item value="0x1E">[二郎神]  十字天轮</item>
      <item value="0x1F">[二郎神]  驹逢鹏翼枪</item>
      <item value="0x20">[二郎神]  八方天外</item>
      <item value="0x21">[二郎神]  翼影枪</item>
      <item value="0x22">[二郎神]  啸天十字枪</item>
      <item value="0x23">[二郎神]  圣君十字轮</item>
      <item value="0x24">[二郎神]  焦炎绝翼枪</item>
      <item value="0x25">[小龙女]  疾风镰</item>
      <item value="0x26">[小龙女]  龙神爪破</item>
      <item value="0x27">[小龙女]  龙鳞切</item>
      <item value="0x28">[小龙女]  天魔双刃刃</item>
      <item value="0x29">[小龙女]  大旋风</item>
      <item value="0x2A">[小龙女]  迦罗切</item>
      <item value="0x2B">[小龙女]  饕餮无影爪</item>
      <item value="0x2C">[小龙女]  冷翼双刃</item>
      <item value="0x2D">[小龙女]  白龙双翼刃</item>
      <item value="0x2E">[铁扇]  铁扇</item>
      <item value="0x2F">[铁扇]  芭蕉扇</item>
      <item value="0x30">[铁扇]  凤凰焰羽扇</item>
      <item value="0x31">[铁扇]  清风扇</item>
      <item value="0x32">[铁扇]  如意宝扇</item>
      <item value="0x33">[铁扇]  阴阳浦扇</item>
      <item value="0x34">[铁扇]  弥勒喜福扇</item>
      <item value="0x35">[铁扇]  凶鸟羽扇</item>
      <item value="0x36">[铁扇]  金羽散翅扇</item>
      <item value="0x37">[紫衣]  无名剑</item>
      <item value="0x38">[紫衣]  紫蝶</item>
      <item value="0x39">[紫衣]  辟邪剑</item>
      <item value="0x3A">[紫衣]  光霸天</item>
      <item value="0x3B">[紫衣]  紫砂剑</item>
      <item value="0x3C">[紫衣]  牡丹</item>
      <item value="0x3D">[紫衣]  八百银花</item>
      <item value="0x3E">[紫衣]  切光</item>
      <item value="0x3F">[紫衣]  七星龙渊</item>
      <item value="0x40">[嫦娥]  天宫伞</item>
      <item value="0x41">[嫦娥]  八宝伞</item>
      <item value="0x42">[嫦娥]  天伞·弦月</item>
      <item value="0x43">[嫦娥]  灵气宝伞</item>
      <item value="0x44">[嫦娥]  五色伞</item>
      <item value="0x45">[嫦娥]  天伞·满月</item>
      <item value="0x46">[嫦娥]  花好月圆</item>
      <item value="0x47">[嫦娥]  月下舞伞</item>
      <item value="0x48">[嫦娥]  妖伞·叠雨</item>
      <item value="0x49">[唐三藏]  九锡</item>
      <item value="0x4A">[唐三藏]  宝轮</item>
      <item value="0x4B">[唐三藏]  佛光遍照</item>
      <item value="0x4C">[唐三藏]  虚无</item>
      <item value="0x4D">[唐三藏]  八十八佛</item>
      <item value="0x4E">[唐三藏]  大极乐</item>
      <item value="0x4F">[唐三藏]  四大皆空</item>
      <item value="0x50">[唐三藏]  因果</item>
      <item value="0x51">[唐三藏]  先知</item>
      <item value="0x52">[蜘蛛精]  蜘蛛牙</item>
      <item value="0x53">[蜘蛛精]  狼蜘蛛牙</item>
      <item value="0x54">[蜘蛛精]  罪之一方</item>
      <item value="0x55">[蜘蛛精]  零度之吻</item>
      <item value="0x56">[蜘蛛精]  豺狼爪牙</item>
      <item value="0x57">[蜘蛛精]  血腥淑女</item>
      <item value="0x58">[蜘蛛精]  黑寡妇</item>
      <item value="0x59">[蜘蛛精]  灾害</item>
      <item value="0x5A">[蜘蛛精]  蚩尤鬼手</item>
    </parameter>
    <script state="change">
<!-- 物品代码 -->
      <action>maincpu.pb@2006018D=param</action>  <!-- p1 -->
      <action>maincpu.pb@2006043D=param</action>  <!-- p2 -->
      <action>maincpu.pb@200606ED=param</action>  <!-- p3 -->
      <action>maincpu.pb@2006099D=param</action>  <!-- p4 -->
<!-- 数量检测  // 若为0则置1，否则无法使用 -->
      <action condition="maincpu.pb@2006018E == 00">maincpu.pb@2006018E=01</action>  <!-- p1 -->
      <action condition="maincpu.pb@2006043E == 00">maincpu.pb@2006043E=01</action>  <!-- p2 -->
      <action condition="maincpu.pb@200606EE == 00">maincpu.pb@200606EE=01</action>  <!-- p3 -->
      <action condition="maincpu.pb@2006099E == 00">maincpu.pb@2006099E=01</action>  <!-- p4 -->
<!-- 耐久度 -->
      <action>maincpu.pb@20060190=64</action>  <!-- p1 -->
      <action>maincpu.pb@20060440=64</action>  <!-- p2 -->
      <action>maincpu.pb@200606F0=64</action>  <!-- p3 -->
      <action>maincpu.pb@200609A0=64</action>  <!-- p4 -->
    </script>
  </cheat>

</mamecheat>

<!--

RAM :
    p1相关
        状态  20056C9E    // 1为地面  2为空中

ROM :
    读取动作指针  ?10021058  |  1002107C    // bp 1002107C,1,{printf "%X\n",(R7+4);g}
    物品消失剩余时间
        从ROM读取  10016646  56C0    // R0+2
        写入内存  10016650  83C1    // R0+1E

==================================================

未完成 :
    |  强制柔化
    |  敌兵随机爆物
    |  boss随机爆物
    |  

==================================================

动作指针 +10000000

    嫦娥
        23E448 1023D810    // chang e A1
        23E46C 1023DF74    // chang e A4
        241878 1024020C    // chang e throw item
        241698 1023E868    // chang e you A
        2416A4 1023EA88    // chang e xia shang A
        2416B0 1023EB40    // chang e xia you A
        242640 10241D18    // chang e AB luan wu
    铁扇
        22852C 10223A60    // tie shan air xia you A
        228634 10226880    // tie shan ground xia xia B
    猪八戒
        1F4FA8 101F2444    // zhu ba jie xia you B
        1F4F90 101F1B14    // zhu ba jie zuo you B
        1F4ED0 101F1880    // zhu ba jie shang xia A
    孙悟空
        1CDA80 101C9464    // sun wu kong you A
        1CE8F0 101CE064    // sun wu kong AB luan wu

强制中断
    maincpu.rd@2A3C=1A000001    // 是否可中断其它招式并出招
    maincpu.rd@2A3C=E1A00000

2970    // 是否爆气  // 地面↓A不触发
28FC    // 是否空中  // 1为地面  2为空中
28E0    // 是否可中断当前使用招式

    maincpu.rw@100055BA=D171    // 最终控制
    maincpu.rw@100055BA=4600

-->