﻿<?xml version="1.0"?>
<!-- This file is autogenerated; comments and unknown tags will be stripped -->
<mamecheat version="1">
	<cheat desc=" " />
	<cheat desc="# 通用 #" />
	<cheat desc="　" />
	<cheat desc="关卡时间  设置">
		<parameter>
			<item value="0x64">无限</item>
			<item value="0x0">0</item>
		</parameter>
		<script state="run">
			<action>maincpu.pb@28DED7=param</action>
		</script>
	</cheat>
	<cheat desc="各类时间不减">
		<script state="off">
			<action>maincpu.rw@65528=6B3F</action>
		</script>
		<script state="run">
			<action>maincpu.rw@65528=0300</action>
		</script>
	</cheat>
	<cheat desc=" " />
	<cheat desc="# 我方 #" />
	<cheat desc="　" />
	<cheat desc="无限能量">
		<script state="run">
			<action>maincpu.pw@29ECF2=FFFF</action>
			<action>maincpu.pw@=FFFF</action>
		</script>
	</cheat>
	<cheat desc="一击杀敌">
		<script state="off">
			<action>maincpu.rw@312A0=FB02</action>
		</script>
		<script state="run">
			<action>maincpu.rw@312A0=0300</action>
		</script>
	</cheat>
	<cheat desc=" ">
		<script state="run">
			<action>maincpu.pb@=</action>
		</script>
	</cheat>
	<cheat desc=" " />
	<cheat desc="# 敌方 #" />
	<cheat desc="　" />
	<cheat desc=" ">
		<script state="run">
			<action>maincpu.pb@=</action>
		</script>
	</cheat>
</mamecheat>
