﻿<mamecheat version="1">

  <cheat desc=" "/>
  <cheat desc="# 通用 #"/>
  <cheat desc="　"/>

  <cheat desc="无限关卡时间">
    <script state="run">
      <action>maincpu.pd@7F7=00090909</action>
    </script>
  </cheat>

  <cheat desc=" "/>
  <cheat desc="# 我方 #"/>
  <cheat desc="　"/>

  <cheat desc="始终变大">
    <script state="run">
      <action>maincpu.pb@754=00</action>  <!-- 外观 -->
      <action>maincpu.pb@756=01</action>  <!-- 实际变大效果 -->
    </script>
    <script state="run">
      <action>maincpu.pb@754=01</action>  <!-- 外观 -->
      <action>maincpu.pb@756=00</action>  <!-- 实际变大效果 -->
    </script>
  </cheat>

  <cheat desc="闪烁无敌">
    <script state="run">
      <action>maincpu.pb@079E=08</action>
    </script>
    <script state="off">
      <action>maincpu.pb@079E=00</action>
    </script>
  </cheat>

  <cheat desc="? 无限跳跃">  <!-- bp B33A,1,{pc=b34d;g} -->
    <script state="run">
      <action>maincpu.pb@1D=00</action>
    </script>
  </cheat>

  <cheat desc=" "/>
  <cheat desc="# 敌方 #"/>
  <cheat desc="　"/>

  <cheat desc=" ">
    <script state="run">
      <action>maincpu.pb@=</action>
    </script>
  </cheat>

</mamecheat>

<!--

RAM :

ROM :


B335: jmp $b3c9    // 4C C9 B3


-->