﻿<mamecheat version="1">

  <cheat desc=" "/>
  <cheat desc="# 通用 #"/>
  <cheat desc="　"/>

  <cheat desc="多玩家效果">
    <script state="run">
      <action>prot.rw@802AD08=4600</action>
    </script>
    <script state="off">
      <action>prot.rw@802AD08=DD02</action>
    </script>
  </cheat>

  <cheat desc=" ">
    <script state="run">
      <action>maincpu.pb@=</action>
    </script>
  </cheat>

  <cheat desc=" "/>
  <cheat desc="# 我方 #"/>
  <cheat desc="　"/>

  <cheat desc="强制击中">
    <script state="run">
      <action>prot.rw@803C4A8=4600</action>  <!-- 常规攻击 -->
      <action>prot.rw@803B77C=4600</action>  <!-- 部分非常规攻击 -->
    </script>
    <script state="off">
      <action>prot.rw@803C4A8=D173</action>  <!-- 常规攻击 -->
      <action>prot.rw@803B77C=D174</action>  <!-- 部分非常规攻击 -->
    </script>
  </cheat>

  <cheat desc=" ">
    <script state="run">
      <action>maincpu.pb@=</action>
    </script>
  </cheat>

  <cheat desc=" "/>
  <cheat desc="# 敌方 #"/>
  <cheat desc="　"/>

  <cheat desc=" ">
    <script state="run">
      <action>maincpu.pb@=</action>
    </script>
  </cheat>

</mamecheat>

<!--

RAM :

ROM :

-->