﻿<mamecheat version="1">

  <cheat desc=" "/>
  <cheat desc="# 通用 #"/>
  <cheat desc="　"/>

  <cheat desc="多玩家效果">
    <script state="run">
      <action>maincpu.rw@903A7=02EB</action>
      <action>maincpu.rw@ADD25=9090</action>
    </script>
    <script state="off">
      <action>maincpu.rw@903A7=027C</action>
      <action>maincpu.rw@ADD25=227C</action>
    </script>
  </cheat>

  <cheat desc=" ">
    <script state="run">
      <action>maincpu.pb@=</action>
    </script>
  </cheat>

  <cheat desc=" "/>
  <cheat desc="# 我方 #"/>
  <cheat desc="　"/>

  <cheat desc="强制击中">
    <script state="run">
      <action>maincpu.rw@8E1F3=9090</action>  <!-- 普攻/雷苦无/飞踢 -->
      <action>maincpu.rw@8EA29=9090</action>  <!-- 抛物 -->
    </script>
    <script state="off">
      <action>maincpu.rw@8E1F3=0A75</action>  <!-- 普攻/雷苦无/飞踢 -->
      <action>maincpu.rw@8EA29=0A75</action>  <!-- 抛物 -->
    </script>
  </cheat>

  <cheat desc=" ">
    <script state="run">
      <action>maincpu.pb@=</action>
    </script>
  </cheat>

  <cheat desc=" "/>
  <cheat desc="# 敌方 #"/>
  <cheat desc="　"/>

  <cheat desc=" ">
    <script state="run">
      <action>maincpu.pb@=</action>
    </script>
  </cheat>

</mamecheat>

<!--

RAM :

ROM :

-->