
  <cheat desc="kof96 - Super Cancel">  <!-- kof96h -->
    <script state="run">
      <action>maincpu.rw@14C94=6002</action>
      <action>maincpu.rw@1A9BC=6002</action>
      <action>maincpu.rw@1A9EA=6000</action>
    </script>
    <script state="off">
      <action>maincpu.rw@14C94=6600</action>
      <action>maincpu.rw@1A9BC=6700</action>
      <action>maincpu.rw@1A9EA=6700</action>
    </script>
  </cheat>

  <cheat desc="kof97 - Super Cancel">  <!-- kof97h / kof97oro / kof97pls / kog -->
    <script state="run">
      <action>maincpu.rw@163F8=6002</action>
      <action>maincpu.rw@1E5B2=6002</action>
      <action>maincpu.rw@1E5E0=6000</action>
    </script>
    <script state="off">
      <action>maincpu.rw@163F8=6600</action>
      <action>maincpu.rw@1E5B2=6700</action>
      <action>maincpu.rw@1E5E0=6700</action>
    </script>
  </cheat>

  <cheat desc="kof98 - Super Cancel">  <!-- kof98a / kof98h -->
    <script state="run">
      <action>maincpu.rw@1B37E=6002</action>
      <action>maincpu.rw@24BBA=6002</action>
      <action>maincpu.rw@24BE8=6000</action>
    </script>
    <script state="off">
      <action>maincpu.rw@1B37E=6600</action>
      <action>maincpu.rw@24BBA=6700</action>
      <action>maincpu.rw@24BE8=6700</action>
    </script>
  </cheat>

  <cheat desc="kof99 - Super Cancel">  <!-- kof99h -->  <!-- Be cautions before use , the function for this version had bug but hasnt fix yet -->
    <script state="run">
      <action>maincpu.rw@165AE=4E71</action>
      <action>maincpu.rw@1FA3A=6002</action>
      <action>maincpu.rw@1FA64=6000</action>
    </script>
    <script state="off">
      <action>maincpu.rw@165AE=6620</action>
      <action>maincpu.rw@1FA3A=6700</action>
      <action>maincpu.rw@1FA64=6700</action>
    </script>
  </cheat>

  <cheat desc="kof99k - Super Cancel">  <!-- kof99p -->  <!-- Be cautions before use , the function for this version had bug but hasnt fix yet -->
    <script state="run">
      <action>maincpu.rw@16556=4E71</action>
      <action>maincpu.rw@1F9E2=6002</action>
      <action>maincpu.rw@1FA0C=6000</action>
    </script>
    <script state="off">
      <action>maincpu.rw@16556=6620</action>
      <action>maincpu.rw@1F9E2=6700</action>
      <action>maincpu.rw@1FA0C=6700</action>
    </script>
  </cheat>

  <cheat desc="kof2000 - Super Cancel">  <!-- kof2000n -->  <!-- Be cautions before use , the function for this version had bug but hasnt fix yet -->
    <script state="run">
      <action>maincpu.rw@1BFC4=4E71</action>
      <action>maincpu.rw@24E2A=6002</action>
      <action>maincpu.rw@24E52=604C</action>
    </script>
    <script state="off">
      <action>maincpu.rw@1BFC4=661E</action>
      <action>maincpu.rw@24E2A=6700</action>
      <action>maincpu.rw@24E52=674C</action>
    </script>
  </cheat>

  <cheat desc="kof2001 - Super Cancel">  <!-- ct2k3sa / ct2k3sp / cthd2003 -->
    <script state="run">
      <action>maincpu.rw@354DA=4E71</action>
      <action>maincpu.rw@2F5C6=6002</action>
      <action>maincpu.rw@2F5F0=6000</action>
      <action>maincpu.rw@2F60A=6000</action>
    </script>
    <script state="off">
      <action>maincpu.rw@354DA=6624</action>
      <action>maincpu.rw@2F5C6=6700</action>
      <action>maincpu.rw@2F5F0=6700</action>
      <action>maincpu.rw@2F60A=6700</action>
    </script>
  </cheat>

  <cheat desc="kof2001h - Super Cancel">
    <script state="run">
      <action>maincpu.rw@363F2=4E71</action>
      <action>maincpu.rw@304D0=6002</action>
      <action>maincpu.rw@304FA=6000</action>
      <action>maincpu.rw@30514=6000</action>
    </script>
    <script state="off">
      <action>maincpu.rw@363F2=6624</action>
      <action>maincpu.rw@304D0=6700</action>
      <action>maincpu.rw@304FA=6700</action>
      <action>maincpu.rw@30514=6700</action>
    </script>
  </cheat>

  <cheat desc="kof2002 - Super Cancel">  <!-- kof2002b / kf2k2mp / kf2k2mp2 / kf2k2pls / kf2k2pla / kf2k5uni / kf10thep / kof2k4se / kof10th -->
    <script state="run">
      <action>maincpu.rw@307C8=4E71</action>
      <action>maincpu.rw@29574=6002</action>
      <action>maincpu.rw@2959E=6000</action>
      <action>maincpu.rw@295B8=6000</action>
    </script>
    <script state="off">
      <action>maincpu.rw@307C8=6646</action>
      <action>maincpu.rw@29574=6700</action>
      <action>maincpu.rw@2959E=6700</action>
      <action>maincpu.rw@295B8=6700</action>
    </script>
  </cheat>
