
分别对应 盖世 302 / 西2 104 / 33 104 版


  <cheat desc="orleg2 - 跳过ROM及RAM自检">
    <script state="run">
      <action>maincpu.rb@397C=1E</action>  <!-- ROM -->
      <action>maincpu.rb@2CFF=EA</action>  <!-- RAM -->
    </script>
    <script state="off">
      <action>maincpu.rb@397C=18</action>  <!-- ROM -->
      <action>maincpu.rb@2CFF=0A</action>  <!-- RAM -->
    </script>
  </cheat>

  <cheat desc="kov2nl - 跳过ROM及RAM自检">
    <script state="run">
      <action>maincpu.rb@1974=1E</action>  <!-- ROM -->
      <action>maincpu.rb@0CF7=EA</action>  <!-- RAM -->
    </script>
    <script state="off">
      <action>maincpu.rb@1974=18</action>  <!-- ROM -->
      <action>maincpu.rb@0CF7=0A</action>  <!-- RAM -->
    </script>
  </cheat>

  <cheat desc="kov3 - 跳过ROM及RAM自检">
    <script state="run">
<!-- ROM -->
      <action>maincpu.rb@1BB4=34</action>
      <action>maincpu.rb@3540=1E</action>
<!-- RAM -->
      <action>maincpu.rb@28FB=EA</action>
    </script>
    <script state="off">
<!-- ROM -->
      <action>maincpu.rb@1BB4=1F</action>
      <action>maincpu.rb@3540=18</action>
<!-- RAM -->
      <action>maincpu.rb@28FB=0A</action>
    </script>
  </cheat>

  <cheat desc="kof98umh - 跳过ROM及RAM自检">
    <script state="run">
      <action>maincpu.rb@1AE0=1E</action>  <!-- ROM -->
      <action>maincpu.rb@0A8F=EA</action>  <!-- RAM -->
    </script>
    <script state="off">
      <action>maincpu.rb@1AE0=18</action>  <!-- ROM -->
      <action>maincpu.rb@0A8F=0A</action>  <!-- RAM -->
    </script>
  </cheat>
