﻿<mamecheat version="1">

  <cheat desc="版本区域  设置">
    <parameter>
      <item value="0x00">中国</item>
      <item value="0x01">台湾</item>
      <item value="0x02">日本</item>
      <item value="0x03">香港</item>
      <item value="0x04">海外</item>
    </parameter>
    <script state="on">
      <action>temp0 = maincpu.rb@3CB8</action>
    </script>
    <script state="run">
      <action>maincpu.rb@3CB8=param</action>
    </script>
    <script state="off">
      <action>maincpu.rb@3CB8=temp0</action>
    </script>
  </cheat>

  <cheat desc="掉落物品不消失">
    <script state="run">
      <action>maincpu.rb@101998B2=FF</action>  <!-- 敌兵/宝箱掉落 - 道具 -->
      <action>maincpu.rb@101522EA=FF</action>  <!-- 敌兵/宝箱掉落 - 补给品 -->
    </script>
    <script state="off">
      <action>maincpu.rb@101998B2=1E</action>  <!-- 敌兵/宝箱掉落 - 道具 -->
      <action>maincpu.rb@101522EA=1E</action>  <!-- 敌兵/宝箱掉落 - 补给品 -->
    </script>
  </cheat>

  <cheat desc="卡片次数  设置">
    <parameter>
      <item value="0x01F5">500</item>
      <item value="0xFFFF">65535</item>
      <item value="0x0001">1</item>
    </parameter>
    <script state="run">
      <action>maincpu.pw@2003DC8E=param</action>  <!-- p1 -->
      <action>maincpu.pw@2003DD0A=param</action>  <!-- p2 -->
      <action>maincpu.pw@2003DD86=param</action>  <!-- p3 -->
      <action>maincpu.pw@2003DE02=param</action>  <!-- p4 -->
    </script>
  </cheat>

  <cheat desc="读卡次数不减">
    <script state="run">
      <action>maincpu.rw@100846F2=4600</action>
    </script>
    <script state="off">
      <action>maincpu.rw@100846F2=1E40</action>
    </script>
  </cheat>

  <cheat desc=" "/>

  <cheat desc="隐藏部分文字">
    <script state="run">
      <action>maincpu.rb@103944F0=00</action>  <!-- push start -->
      <action>maincpu.rb@10394508=00</action>  <!-- insert coin -->
      <action>maincpu.rb@10394514=00</action>  <!-- join in -->
      <action>maincpu.rb@10394520=00</action>  <!-- please wait -->
      <action>maincpu.rb@1039452C=00</action>  <!-- free play -->
    </script>
    <script state="off">
      <action>maincpu.rb@103944F0=0F</action>  <!-- push start -->
      <action>maincpu.rb@10394508=0F</action>  <!-- insert coin -->
      <action>maincpu.rb@10394514=0F</action>  <!-- join in -->
      <action>maincpu.rb@10394520=0F</action>  <!-- please wait -->
      <action>maincpu.rb@1039452C=0F</action>  <!-- free play -->
    </script>
  </cheat>

  <cheat desc="关卡时间持续显示">
    <script state="run">
      <action>maincpu.rw@1004D568=4600</action>
    </script>
    <script state="off">
      <action>maincpu.rw@1004D568=DD09</action>
    </script>
  </cheat>

  <cheat desc="跳过ROM及RAM自检">
    <script state="run">
      <action>maincpu.rb@397C=1E</action>  <!-- ROM -->
      <action>maincpu.rb@2CFF=EA</action>  <!-- RAM -->
    </script>
    <script state="off">
      <action>maincpu.rb@397C=18</action>  <!-- ROM -->
      <action>maincpu.rb@2CFF=0A</action>  <!-- RAM -->
    </script>
  </cheat>

  <cheat desc="全关卡">
    <comment>全路线，IR模式通用</comment>
    <script state="run">
      <action condition="maincpu.pb@200201BA == 01">temp0=0, temp1=0, temp2=0</action>  <!-- 第一关 - 初始化 -->
      <action condition="maincpu.pw@200201BA == 0503 AND temp0 != 1">maincpu.pd@200201BA=00000004, temp0=1</action>  <!-- 车迟国 → 碗子山 -->
      <action condition="maincpu.pw@200201BA == 0504 AND temp0 != 1">maincpu.pd@200201BA=00000003, temp0=1</action>  <!-- 碗子山 → 车迟国 -->
      <action condition="maincpu.pw@200201BA == 0806 AND temp1 != 1">maincpu.pd@200201BA=00000007, temp1=1</action>  <!-- 通天河 → 盘丝洞 -->
      <action condition="maincpu.pw@200201BA == 0907 AND temp1 != 1">maincpu.pd@200201BA=00000006, temp1=1</action>  <!-- 盘丝洞 → 通天河 -->
      <action condition="maincpu.pw@200201BA == 0A08 AND temp2 != 1">maincpu.pd@200201BA=00000009, temp2=1</action>  <!-- 狮驼岭 → 花果山 -->
      <action condition="maincpu.pw@200201BA == 0A09 AND temp2 != 1">maincpu.pd@200201BA=00000008, temp2=1</action>  <!-- 花果山 → 狮驼岭 -->
      <action condition="maincpu.pb@200201BA == 0B">temp0=0, temp1=0, temp2=0</action>  <!-- 小雷音寺 - 初始化 -->
    </script>
  </cheat>

  <cheat desc=" "/>
  <cheat desc="# 关卡及场景选择 #"/>
  <cheat desc="　"/>

  <cheat desc="随机关">
    <parameter>
      <item value="0x00000001">花果山</item>
      <item value="0x00010001">高老庄</item>
      <item value="0x00020001">流沙河</item>
      <item value="0x00030001">南天门</item>
    </parameter>
    <script state="run">
      <action>maincpu.pd@200201BA=param</action>
    </script>
  </cheat>

  <cheat desc="平顶山">
    <parameter>
      <item value="0x00000002">初始场景</item>
      <item value="0x01010002">上路</item>
      <item value="0x02020002">上路 第二层</item>
      <item value="0x03030002">右路 洞窟</item>
      <item value="0x04040002">最终场景</item>
    </parameter>
    <script state="run">
      <action>maincpu.pd@200201BA=param</action>
    </script>
  </cheat>

  <cheat desc="车迟国">
    <parameter>
      <item value="0x00000003">初始场景</item>
      <item value="0x01010003">云层求雨</item>
      <item value="0x02020003">求雨失败 下路</item>
      <item value="0x05050003">求雨失败 下路 密室</item>
      <item value="0x03030003">求雨成功 鹿力仙场景</item>
      <item value="0x04040003">最终场景</item>
    </parameter>
    <script state="run">
      <action>maincpu.pd@200201BA=param</action>
    </script>
  </cheat>

  <cheat desc="碗子山">
    <parameter>
      <item value="0x00000004">初始场景</item>
      <item value="0x03030004">白骨精腹中</item>
      <item value="0x01010004">进洞前</item>
      <item value="0x02020004">最终场景</item>
    </parameter>
    <script state="run">
      <action>maincpu.pd@200201BA=param</action>
    </script>
  </cheat>

  <cheat desc="枯松涧">
    <parameter>
      <item value="0x00000005">初始场景</item>
      <item value="0x01010005">最终场景</item>
    </parameter>
    <script state="run">
      <action>maincpu.pd@200201BA=param</action>
    </script>
  </cheat>

  <cheat desc="通天河">
    <parameter>
      <item value="0x00000006">初始场景</item>
      <item value="0x01010006">冰层</item>
      <item value="0x02020006">下左洞</item>
      <item value="0x05050006">下左洞 再次下洞</item>
      <item value="0x04040006">下右洞</item>
      <item value="0x07070006">下右洞 再次下洞</item>
      <item value="0x03030006">下下洞</item>
      <item value="0x06060006">下下洞 再次下洞</item>
      <item value="0x08080006">章鱼场景</item>
      <item value="0x09090006">最终场景</item>
    </parameter>
    <script state="run">
      <action>maincpu.pd@200201BA=param</action>
    </script>
  </cheat>

  <cheat desc="盘丝洞">
    <parameter>
      <item value="0x00000007">初始场景</item>
      <item value="0x01010007">进洞</item>
      <item value="0x03030007">进洞 第一层 进右洞</item>
      <item value="0x02020007">最终场景</item>
    </parameter>
    <script state="run">
      <action>maincpu.pd@200201BA=param</action>
    </script>
  </cheat>

  <cheat desc="狮驼岭">
    <parameter>
      <item value="0x00000008">初始场景</item>
      <item value="0x01010008">A路 进洞</item>
      <item value="0x04040008">A路 蒸笼</item>
      <item value="0x02020008">B路 进洞</item>
      <item value="0x05050008">B路 宝石阵</item>
      <item value="0x03030008">最终场景</item>
    </parameter>
    <script state="run">
      <action>maincpu.pd@200201BA=param</action>
    </script>
  </cheat>

  <cheat desc="花果山">
    <parameter>
      <item value="0x00000009">初始场景</item>
      <item value="0x01010009">A路 空战</item>
      <item value="0x03030009">A路 最终场景</item>
      <item value="0x02020009">B路 山洞</item>
      <item value="0x04040009">B路 最终场景</item>
    </parameter>
    <script state="run">
      <action>maincpu.pd@200201BA=param</action>
    </script>
  </cheat>

  <cheat desc="火焰山">
    <parameter>
      <item value="0x0000000A">初始场景</item>
      <item value="0x0101000A">铁扇腹中</item>
      <item value="0x0202000A">进洞前</item>
      <item value="0x0404000A">上路</item>
      <item value="0x0303000A">下路 最终场景</item>
    </parameter>
    <script state="run">
      <action>maincpu.pd@200201BA=param</action>
    </script>
  </cheat>

  <cheat desc="小雷音寺">
    <parameter>
      <item value="0x0000000B">初始场景</item>
      <item value="0x0101000B">进门 站手指</item>
      <item value="0x02020B0B">封印幻境 - 道具</item>
      <item value="0x03030B0B">封印幻境 - 超必杀</item>
      <item value="0x04040B0B">封印幻境 - 格挡</item>
      <item value="0x06060B0B">封印幻境 - 装备</item>
      <item value="0x05050B0B">封印幻境 - 爆气</item>
      <item value="0x07070B0B">出幻境 最终决战场景</item>
    </parameter>
    <script state="run">
      <action>maincpu.pd@200201BA=param</action>
    </script>
  </cheat>

  <cheat desc=" "/>
  <cheat desc="# 关卡设置 #"/>
  <cheat desc="　"/>

  <cheat desc="高老庄 - 必出婚轿且防住后直接怼翻">
    <comment>若已开启"角色无敌"，则婚轿会直接穿过角色</comment>
    <script state="run">
      <action>maincpu.pb@20020654=01</action>  <!-- 是否出现 -->
      <action>maincpu.pb@20020648=FF</action>  <!-- 对拼按键次数 -->
    </script>
  </cheat>

  <cheat desc="流沙河 - 必出游泳沙悟净且直接跳出">
    <script state="run">
      <action>maincpu.pb@20020670=01</action>  <!-- 是否出现 -->
      <action>maincpu.pb@20020674=01</action>  <!-- 是否打掉灯且击中 -->
    </script>
  </cheat>

  <cheat desc="南天门 - 必出二狗/玉兔且无视击杀顺序">
    <script state="run">
      <action>maincpu.pb@20020698=01</action>  <!-- 是否出现 -->
      <action>maincpu.rw@100C5934=4600</action>  <!-- 四色天兵击杀顺序  // 击杀顺序  200206AE -->
    </script>
    <script state="off">
      <action>maincpu.rw@100C5934=D11E</action>  <!-- 四色天兵击杀顺序 -->
    </script>
  </cheat>

  <cheat desc="花果山 - 宝箱必定落下且直接开启">
    <script state="run">
      <action>maincpu.pb@20020618=01</action>  <!-- 是否落下 -->
      <action>maincpu.pb@20020620=01</action>  <!-- 是否开启 -->
    </script>
  </cheat>

  <cheat desc="　"/>

  <cheat desc="平顶山 - 西币矿山">
    <script state="run">
      <action>maincpu.rw@100C5C6C=4600</action>  <!-- 矿车打击次数 -->
    </script>
    <script state="off">
      <action>maincpu.rw@100C5C6C=DD05</action>  <!-- 矿车打击次数 -->
    </script>
  </cheat>

  <cheat desc="平顶山 - 必出修理店">
    <comment>即使无卡或未通关一次，IR模式亦会出</comment>
    <script state="run">
      <action>maincpu.rw@100C672E=4600</action>  <!-- 是否通关一次 -->
      <action>maincpu.rw@100C6736=4600</action>  <!-- 当前模式是否为剧情模式 -->
    </script>
    <script state="off">
      <action>maincpu.rw@100C672E=D013</action>  <!-- 是否通关一次 -->
      <action>maincpu.rw@100C6736=D10F</action>  <!-- 当前模式是否为剧情模式 -->
    </script>
  </cheat>

  <cheat desc="平顶山 - 必能进上路">  <!-- 2005BCBC > 0 -->
    <script state="run">
      <action>maincpu.rw@100C69D8=4600</action>
    </script>
    <script state="off">
      <action>maincpu.rw@100C69D8=DD03</action>
    </script>
  </cheat>

  <cheat desc="平顶山 - 上路金角不狂暴">  <!-- 2005BCBC = 0000 -->
    <script state="run">
      <action>maincpu.rw@100C8E4C=E07A</action>
    </script>
    <script state="off">
      <action>maincpu.rw@100C8E4C=DD7A</action>
    </script>
  </cheat>

  <cheat desc="平顶山 - 上路金角武器箱自动出来">
    <script state="run">
      <action>maincpu.pb@20020750=01</action>  <!-- 是否打对灯笼 -->
    </script>
  </cheat>

  <cheat desc="　"/>

  <cheat desc="车迟国 - 求雨必定成功">
    <comment>即使虾兵未出现</comment>
    <script state="run">
      <action>maincpu.pb@200207AE=01</action>  <!-- 是否阻止敌方求雨成功 -->
    </script>
  </cheat>

  <cheat desc="车迟国 - 下路油锅比拼必赢">
    <comment>进油锅且可按键后按一下A</comment>
    <script state="run">
      <action>maincpu.pb@20020838=FF</action>  <!-- 按键次数 -->
    </script>
  </cheat>

  <cheat desc="　"/>

  <cheat desc="碗子山 - 必出密码屋及本角色隐藏武器">
    <script state="run">
      <action>maincpu.rw@100DC992=E003</action>  <!-- 判断语言版本以决定是否出密码屋 -->
      <action>maincpu.rw@100DC98A=4600</action>  <!-- 判断模式以决定是否出密码屋 -->
    <!-- 同步获得物品下标至对应角色 -->
      <action>maincpu.pb@20020DE8= maincpu.pb@2005F69E</action>  <!-- p1 -->
      <action>maincpu.pb@20020DE9= maincpu.pb@2005F7C2</action>  <!-- p2 -->
      <action>maincpu.pb@20020DEA= maincpu.pb@2005F8E6</action>  <!-- p3 -->
      <action>maincpu.pb@20020DEB= maincpu.pb@2005FA0A</action>  <!-- p4 -->
      <action>maincpu.rw@1011D59C=E006</action>  <!-- 使可获得物品 -->
    </script>
    <script state="off">
      <action>maincpu.rw@100DC992=D003</action>  <!-- 判断语言版本以决定是否出密码屋 -->
      <action>maincpu.rw@100DC98A=D10D</action>  <!-- 判断模式以决定是否出密码屋 -->
      <action>maincpu.rw@1011D59C=D106</action>  <!-- 使可获得物品 -->
    </script>
  </cheat>

  <cheat desc="　"/>

  <cheat desc="枯松涧 - 五行柱字  设置">
    <comment>设置为金且打出武器箱后，金会变为木</comment>
    <parameter>
      <item value="0x0005">金</item>
      <item value="0x0003">木</item>
      <item value="0x0004">水</item>
      <item value="0x0002">火</item>
      <item value="0x0001">土</item>
    </parameter>
    <script state="run">
      <action>maincpu.pw@20020044=param</action>
    </script>
  </cheat>

  <cheat desc="枯松涧 - 五行车直接破">
    <script state="run">
      <action>maincpu.pb@20020926=01</action>  <!-- 五行车是否被冰属性接触 -->
    </script>
  </cheat>

  <cheat desc="　"/>

  <cheat desc="通天河 - IR模式必出武器店">
    <script state="run">
      <action>maincpu.rw@100E53B4=4600</action>
      <action>maincpu.rw@100E53BC=4600</action>
    </script>
    <script state="off">
      <action>maincpu.rw@100E53B4=D011</action>
      <action>maincpu.rw@100E53BC=D10D</action>
    </script>
  </cheat>

  <cheat desc="通天河 - 武器箱直接落下">
    <script state="run">
      <action>maincpu.pb@200209F4=01</action>  <!-- 是否使用四海瓶 -->
    </script>
  </cheat>

  <cheat desc="　"/>

  <cheat desc="盘丝洞 - 剧情模式亦出武器箱">
    <script state="run">
      <action>maincpu.rw@100F0ECE=4600</action>
    </script>
    <script state="off">
      <action>maincpu.rw@100F0ECE=D12F</action>
    </script>
  </cheat>

  <cheat desc="　"/>

  <cheat desc="狮驼岭 - 齿轮安装数量">
    <comment>按需设置，过关时会按设置的齿轮数量掉落不同的物品箱</comment>
    <parameter>
      <item value="0x00000001">1</item>
      <item value="0x00000101">2</item>
      <item value="0x00010101">3</item>
      <item value="0x01010101">4</item>
    </parameter>
    <script state="run">
      <action>maincpu.pd@20020ABD=param</action>
    </script>
  </cheat>

  <cheat desc="狮驼岭 - B路风袋二气瓶对拼必赢">  <!-- 对拼按键次数  2007F130 -->
    <comment>无需按键</comment>
    <script state="run">
      <action>maincpu.rw@100F7E7A=1DE0</action>  <!-- ADD R0, R4, #7 -->
    </script>
    <script state="off">
      <action>maincpu.rw@100F7E7A=1E60</action>  <!-- SUB R0, R4, #1 -->
    </script>
  </cheat>

  <cheat desc="狮驼岭 - B路宝石阵直接破">
    <comment>入阵后秒破</comment>
    <script state="run">
      <action>maincpu.pb@20063830=01</action>  <!-- 点亮 1 -->
      <action>maincpu.pb@20063832=01</action>  <!-- 点亮 2 -->
      <action>maincpu.pb@20063834=01</action>  <!-- 点亮 3 -->
      <action>maincpu.pb@20063836=01</action>  <!-- 点亮 4 -->
      <action>maincpu.pb@20063838=01</action>  <!-- 点亮 5 -->
    </script>
  </cheat>

  <cheat desc="　"/>

  <cheat desc="火焰山 - 铁扇不造反">  <!-- 剩余作战时间  20020C1A > 0 -->
    <comment>不论磨蹭多久都不会被扇走</comment>
    <script state="run">
      <action>maincpu.rw@10109226=E00B</action>
    </script>
    <script state="off">
      <action>maincpu.rw@10109226=D10B</action>
    </script>
  </cheat>

  <cheat desc="火焰山 - 必进铁扇肚子">
    <comment>即使物品栏没有小蜜蜂</comment>
    <script state="run">
      <action>maincpu.rw@1007433E=4600</action>  <!-- 是否携带小蜜蜂 -->
    </script>
    <script state="off">
      <action>maincpu.rw@1007433E=D104</action>  <!-- 是否携带小蜜蜂 -->
    </script>
  </cheat>

  <cheat desc="火焰山 - 铁扇心脏无限刷钱">
    <script state="run">
      <action condition="maincpu.rd@200201BA == 0101000A">maincpu.pb@2003F2DA=0A</action>  <!-- 心脏剩余可打出金钱次数  // 共用地址，故判断场景是否为铁扇心脏处，若是则开启 -->
    </script>
  </cheat>

  <cheat desc="火焰山 - 必可拼扇且轻松吹飞">  <!-- 按键次数  20020C78 -->
    <comment>按 1 次相当于 50 次</comment>
    <script state="run">
      <action>maincpu.pb@20020C1D=00</action>  <!-- 必可拼扇 -->
      <action>maincpu.rw@1010D0C8=3050</action>  <!-- 上 -->
      <action>maincpu.rw@1010D0E6=3050</action>  <!-- 下 -->
    </script>
    <script state="off">
      <action>maincpu.rw@1010D0C8=1C40</action>  <!-- 上 -->
      <action>maincpu.rw@1010D0E6=1C40</action>  <!-- 下 -->
    </script>
  </cheat>

  <cheat desc="　"/>

  <cheat desc="小雷音寺 - 黄眉爆气状态  设置">
    <comment>无视当前经书持有数量</comment>
    <parameter>
      <item value="0x01">必定</item>
      <item value="0x00">永不</item>
    </parameter>
    <script state="run">
      <action>maincpu.pb@20020DA8=param</action>
    </script>
  </cheat>

  <cheat desc="小雷音寺 - 爆气黄眉必出武器">
    <comment>即使不以AB或超必杀击败</comment>
    <script state="run">
      <action>maincpu.pb@20020D4C=01</action>
    </script>
  </cheat>

  <cheat desc="小雷音寺 - 必取真经">
    <comment>直接完成全部取经任务，不论之前任务是否完成，最终都能取到真经</comment>
    <script state="run">
      <action>maincpu.pb@20061E58=01</action>  <!-- 平顶山 -->
      <action>maincpu.pb@20061E5A=01</action>  <!-- 车迟国 -->
      <action>maincpu.pb@20061E5C=01</action>  <!-- 碗子山 -->
      <action>maincpu.pb@20061E5E=01</action>  <!-- 枯松涧 -->
      <action>maincpu.pb@20061E60=01</action>  <!-- 通天河 -->
      <action>maincpu.pb@20061E62=01</action>  <!-- 盘丝洞 -->
      <action>maincpu.pb@20061E64=01</action>  <!-- 狮驼岭 -->
      <action>maincpu.pb@20061E66=01</action>  <!-- 花果山 - 下路 -->
      <action>maincpu.pb@20061E68=01</action>  <!-- 花果山 - 上路 -->
      <action>maincpu.pb@20061E6A=01</action>  <!-- 火焰山 -->
    </script>
  </cheat>

  <cheat desc=" "/>
  <cheat desc="# 通用 #"/>
  <cheat desc="　"/>

  <cheat desc="关卡时间  设置">
    <parameter>
      <item value="0x50">无限</item>  <!-- 设置 90 秒以下，故剧情模式中不会持续显示 -->
      <item value="0x00">0</item>
    </parameter>
    <script state="run">
      <action condition="maincpu.pd@200201BA != 0101000B">maincpu.pb@200201BE=param</action>  <!-- 若当前场景为小雷音寺站手指处，则不锁定时间 -->
    </script>
  </cheat>

  <cheat desc="各类时间不减">
    <script state="run">
      <action>maincpu.rw@1008B7EA=4600</action>  <!-- 模式选择 -->
      <action>maincpu.rw@10083652=4600</action>  <!-- 插卡等待 - 选角界面 -->
      <action>maincpu.rw@100870DE=4600</action>  <!-- 角色选择 - 选角界面 -->
      <action>maincpu.rw@1008E98E=4600</action>  <!-- 签名 -->
      <action>maincpu.rw@1006193A=4600</action>  <!-- 插卡等待 - 中途加入 -->
      <action>maincpu.rw@10060470=4600</action>  <!-- 角色选择 - 中途加入 -->
      <action>maincpu.rw@1011B5D8=4608</action>  <!-- 倒计时 - 修理店 -->
      <action>maincpu.rw@1011939E=4608</action>  <!-- 倒计时 - 商店 -->
      <action>maincpu.rw@1011CFA4=4608</action>  <!-- 倒计时 - 密码屋 -->
    </script>
    <script state="off">
      <action>maincpu.rw@1008B7EA=1E40</action>  <!-- 模式选择 -->
      <action>maincpu.rw@10083652=1E40</action>  <!-- 插卡等待 - 选角界面 -->
      <action>maincpu.rw@100870DE=1E40</action>  <!-- 角色选择 - 选角界面 -->
      <action>maincpu.rw@1008E98E=1E40</action>  <!-- 签名 -->
      <action>maincpu.rw@1006193A=1E40</action>  <!-- 插卡等待 - 中途加入 -->
      <action>maincpu.rw@10060470=1E40</action>  <!-- 角色选择 - 中途加入 -->
      <action>maincpu.rw@1011B5D8=1E48</action>  <!-- 倒计时 - 修理店 -->
      <action>maincpu.rw@1011939E=1E48</action>  <!-- 倒计时 - 商店 -->
      <action>maincpu.rw@1011CFA4=1E48</action>  <!-- 倒计时 - 密码屋 -->
    </script>
  </cheat>

  <cheat desc="遁入幻境">
    <comment>关闭时立即解除幻境</comment>
    <script state="run">
      <action>maincpu.pb@20020488=01</action>  <!-- 是否身处幻境 -->
      <action>maincpu.pb@200204B9=FF</action>  <!-- 持续时间 -->
    </script>
    <script state="off">
      <action>maincpu.pb@200204B9=00</action>  <!-- 持续时间 -->
    </script>
  </cheat>

  <cheat desc="无限制遁入幻境">
    <comment>
1  可单玩家
2  任意场景
3  不限次数
    </comment>
    <script state="run">
      <action>maincpu.rw@10096A32=E000</action>  <!-- 能否动作 - 非BOSS场景 -->
      <action>maincpu.rw@10096A3C=E001</action>  <!-- 能否动作 -->
      <action>maincpu.rw@1009528C=E000</action>  <!-- 能否倒计时 - 非BOSS场景 -->
      <action>maincpu.rw@10095296=E000</action>  <!-- 能否倒计时 -->
      <action>maincpu.rw@10095376=E000</action>  <!-- 能否遁入 -->
      <action>maincpu.rw@10096A16=E001</action>  <!-- 能否无限遁入    // 20020492 = 0 时可再次遁入幻境 -->
    </script>
    <script state="off">
      <action>maincpu.rw@10096A32=D100</action>  <!-- 能否动作 - 非BOSS场景 -->
      <action>maincpu.rw@10096A3C=DA01</action>  <!-- 能否动作 -->
      <action>maincpu.rw@1009528C=D100</action>  <!-- 能否倒计时 - 非BOSS场景 -->
      <action>maincpu.rw@10095296=DA00</action>  <!-- 能否倒计时 -->
      <action>maincpu.rw@10095376=DA00</action>  <!-- 能否遁入 -->
      <action>maincpu.rw@10096A16=D001</action>  <!-- 能否无限遁入 -->
    </script>
  </cheat>

  <cheat desc=" "/>
  <cheat desc="# 我方 #"/>
  <cheat desc="　"/>

  <cheat desc="角色无敌">
    <script state="run">
      <action>maincpu.pb@20056DB2=01</action>  <!-- p1 -->
      <action>maincpu.pb@2005708E=01</action>  <!-- p2 -->
      <action>maincpu.pb@2005736A=01</action>  <!-- p3 -->
      <action>maincpu.pb@20057646=01</action>  <!-- p4 -->
    </script>
    <script state="off">
      <action>maincpu.pb@20056DB2=00</action>  <!-- p1 -->
      <action>maincpu.pb@2005708E=00</action>  <!-- p2 -->
      <action>maincpu.pb@2005736A=00</action>  <!-- p3 -->
      <action>maincpu.pb@20057646=00</action>  <!-- p4 -->
    </script>
  </cheat>

  <cheat desc="无限气">  <!-- -2 为气槽值 -->
    <script state="run">
      <action>maincpu.pb@2005F790=09</action>  <!-- p1 -->
      <action>maincpu.pb@2005F8B4=09</action>  <!-- p2 -->
      <action>maincpu.pb@2005F9D8=09</action>  <!-- p3 -->
      <action>maincpu.pb@2005FAFC=09</action>  <!-- p4 -->
    </script>
  </cheat>

  <cheat desc="当前选定物品无限">
    <script state="run">
      <action>maincpu.pb@20060120=09</action>  <!-- p1 -->
      <action>maincpu.pb@200603D0=09</action>  <!-- p2 -->
      <action>maincpu.pb@20060680=09</action>  <!-- p3 -->
      <action>maincpu.pb@20060930=09</action>  <!-- p4 -->
    </script>
  </cheat>

  <cheat desc="取消道具及技能使用限制">
    <script state="run">
    <!-- 道具 -->
      <action>maincpu.rw@10074C90=2100</action>  <!-- 绝大部分 -->
      <action>maincpu.rw@100772C0=2200</action>  <!-- 部分特殊道具 -->
    <!-- 技能 -->
      <action>maincpu.rw@1003004A=4600</action>
    </script>
    <script state="off">
    <!-- 道具 -->
      <action>maincpu.rw@10074C90=2101</action>  <!-- 绝大部分 -->
      <action>maincpu.rw@100772C0=2201</action>  <!-- 部分特殊道具 -->
    <!-- 技能 -->
      <action>maincpu.rw@1003004A=8191</action>
    </script>
  </cheat>

  <cheat desc="无限连击">  <!-- 挑战魔王第一BOSS - 200548C2 -->
    <script state="run">
      <action>maincpu.rw@1000919E=4600</action>  <!-- 绝大部分攻击 -->
      <action>maincpu.rw@1000926A=4600</action>  <!-- 部分特殊攻击    // 如孙悟空空↓A -->
    </script>
    <script state="off">
      <action>maincpu.rw@1000919E=1C40</action>  <!-- 绝大部分攻击 -->
      <action>maincpu.rw@1000926A=1C40</action>  <!-- 部分特殊攻击 -->
    </script>
  </cheat>

  <cheat desc="转身3A不击倒">  <!-- 挑战魔王第一BOSS - 2005486E -->
    <script state="run">
      <action>maincpu.rw@1000DA82=4600</action>
    </script>
    <script state="off">
      <action>maincpu.rw@1000DA82=1C40</action>
    </script>
  </cheat>

  <cheat desc="un  无限制4A及招式柔化">
    <script state="run">
      <action>maincpu.pb@20056C90=01</action>  <!-- p1 -->
      <action>maincpu.pb@20056F6C=01</action>  <!-- p2 -->
      <action>maincpu.pb@20057248=01</action>  <!-- p3 -->
      <action>maincpu.pb@20057524=01</action>  <!-- p4 -->
      <action>maincpu.rd@2A3C=E1A00000</action>
    </script>
    <script state="off">
      <action>maincpu.rd@2A3C=1A000001</action>
    </script>
  </cheat>

  <cheat desc="已穿戴装备耐久不减">
    <script state="run">
      <action>maincpu.rw@10077374=4600</action>  <!-- 武器 -->
      <action>maincpu.rw@10077412=4600</action>  <!-- 头冠 -->
      <action>maincpu.rw@1007748C=4600</action>  <!-- 衣甲 -->
      <action>maincpu.rw@100774DA=4600</action>  <!-- 腰鞋 -->
    </script>
    <script state="off">
      <action>maincpu.rw@10077374=1E40</action>  <!-- 武器 -->
      <action>maincpu.rw@10077412=1E40</action>  <!-- 头冠 -->
      <action>maincpu.rw@1007748C=1E40</action>  <!-- 衣甲 -->
      <action>maincpu.rw@100774DA=1E40</action>  <!-- 腰鞋 -->
    </script>
  </cheat>

  <cheat desc="全程霸体">  <!-- p1 - 20056DFC  是否处于霸体状态 -->
    <script state="run">
    <!-- 本体攻击 -->
      <action>maincpu.rw@10009ABC=E001</action>
    <!-- 非本体攻击 -->
      <action>maincpu.rw@1000AA86=E001</action>
    </script>
    <script state="off">
    <!-- 本体攻击 -->
      <action>maincpu.rw@10009ABC=D101</action>
    <!-- 非本体攻击 -->
      <action>maincpu.rw@1000AA86=D101</action>
    </script>
  </cheat>

  <cheat desc="部分攻击一瞬千击">
    <script state="run">
      <action>maincpu.rw@1000C3B8=4600</action>  <!-- 非道具 -->
      <action>maincpu.rw@1000C574=4600</action>  <!-- 道具 -->
    </script>
    <script state="off">
      <action>maincpu.rw@1000C3B8=5301</action>  <!-- 非道具 -->
      <action>maincpu.rw@1000C574=5301</action>  <!-- 道具 -->
    </script>
  </cheat>

  <cheat desc="无限制跳跃">
    <script state="run">
      <action>maincpu.rw@100233E4=4600</action>  <!-- 是否有二段跳装备以实现二段跳 -->
      <action>maincpu.rw@100232C8=4600</action>  <!-- 是否有二段跳装备以柔化招式并跳跃 -->
    <!-- 已跳跃次数 -->
      <action>maincpu.pb@20056DEC=00</action>  <!-- p1 -->
      <action>maincpu.pb@200570C8=00</action>  <!-- p2 -->
      <action>maincpu.pb@200573A4=00</action>  <!-- p3 -->
      <action>maincpu.pb@20057680=00</action>  <!-- p4 -->
    </script>
    <script state="off">
      <action>maincpu.rw@100233E4=D07E</action>  <!-- 是否有二段跳装备以实现二段跳 -->
      <action>maincpu.rw@100232C8=D078</action>  <!-- 是否有二段跳装备以柔化招式并跳跃 -->
    </script>
  </cheat>

  <cheat desc="破敌无敌">
    <script state="run">
      <action>maincpu.rw@1000D114=4600</action>  <!-- 本体攻击 -->
      <action>maincpu.rw@1000C102=4600</action>  <!-- 非本体攻击 -->
    </script>
    <script state="off">
      <action>maincpu.rw@1000D114=D105</action>  <!-- 本体攻击 -->
      <action>maincpu.rw@1000C102=D11F</action>  <!-- 非本体攻击 -->
    </script>
  </cheat>

  <cheat desc="攻击属性附魔">
    <comment>会强制覆盖原有攻击属性，包括部分招式和装备</comment>
    <parameter>
      <item value="0x00">无</item>
      <item value="0x01">火</item>
      <item value="0x02">冰</item>
      <item value="0x03">电</item>
      <item value="0x04">毒</item>
      <item value="0x05">封</item>
      <item value="0x06">晕</item>
    </parameter>
    <script state="run">
      <action>maincpu.pb@20056D18=param</action>  <!-- p1 -->
      <action>maincpu.pb@20056FF4=param</action>  <!-- p2 -->
      <action>maincpu.pb@200572D0=param</action>  <!-- p3 -->
      <action>maincpu.pb@200575AC=param</action>  <!-- p4 -->
    </script>
  </cheat>

  <cheat desc="攻击属性附魔 - 随机">
    <comment>会强制覆盖原有攻击属性，包括部分招式和装备</comment>
    <parameter>
      <item value="0x00">无</item>
      <item value="0x01">火</item>
      <item value="0x02">冰</item>
      <item value="0x03">电</item>
      <item value="0x04">毒</item>
      <item value="0x05">封</item>
      <item value="0x06">晕</item>
    </parameter>
    <script state="run">
      <action>maincpu.pb@20056D18= frame % 7</action>  <!-- p1 -->
      <action>maincpu.pb@20056FF4= frame % 7</action>  <!-- p2 -->
      <action>maincpu.pb@200572D0= frame % 7</action>  <!-- p3 -->
      <action>maincpu.pb@200575AC= frame % 7</action>  <!-- p4 -->
    </script>
  </cheat>

  <cheat desc="爆气时间不减">
    <comment>关闭时立即解除爆气状态</comment>
    <script state="run">
    <!-- 剩余时间减少 -->
      <action>maincpu.rw@10094BEA=4600</action>  <!-- 显示值 - p1/p3 -->
      <action>maincpu.rw@10094B9E=4600</action>  <!-- 显示值 - p2/p4 -->
      <action>maincpu.rw@1002958E=4600</action>  <!-- 实际值 -->
    </script>
    <script state="off">
    <!-- 剩余时间减少 -->
      <action>maincpu.rw@10094BEA=1E40</action>  <!-- 显示值 - p1/p3 -->
      <action>maincpu.rw@10094B9E=1E40</action>  <!-- 显示值 - p2/p4 -->
      <action>maincpu.rw@1002958E=1E40</action>  <!-- 实际值 -->
    <!-- 剩余时间 -->
      <action>maincpu.pw@20056D5A=0000</action>  <!-- p1 -->
      <action>maincpu.pw@20057036=0000</action>  <!-- p2 -->
      <action>maincpu.pw@20057312=0000</action>  <!-- p3 -->
      <action>maincpu.pw@200575EE=0000</action>  <!-- p4 -->
    </script>
  </cheat>

  <cheat desc="变身及召唤时间不减">
    <comment>关闭时立即解除变身和召唤</comment>
    <script state="run">
    <!-- 显示值 -->
      <action>maincpu.rw@100947C6=4600</action>  <!-- p1/p3 -->
      <action>maincpu.rw@1009472A=4600</action>  <!-- p2/p4 -->
    <!-- 实际值 -->
      <action>maincpu.rw@10029628=4600</action>  <!-- 变身 -->
      <action>maincpu.rw@1005A632=4600</action>  <!-- 召唤  -->
    </script>
    <script state="off">
    <!-- 显示值 -->
      <action>maincpu.rw@100947C6=1E40</action>  <!-- p1/p3 -->
      <action>maincpu.rw@1009472A=1E40</action>  <!-- p2/p4 -->
    <!-- 实际值 -->
      <action>maincpu.rw@10029628=1E40</action>  <!-- 变身 -->
      <action>maincpu.rw@1005A632=1E40</action>  <!-- 召唤 -->
    <!-- 剩余时间 - 变身 -->
      <action>maincpu.pw@20056E86=0000</action>  <!-- p1 -->
      <action>maincpu.pw@20057162=0000</action>  <!-- p2 -->
      <action>maincpu.pw@2005743E=0000</action>  <!-- p3 -->
      <action>maincpu.pw@2005771A=0000</action>  <!-- p4 -->
    <!-- 剩余时间 - 召唤 -->
      <action>maincpu.pw@2005F65C=0000</action>  <!-- p1 -->
      <action>maincpu.pw@2005F670=0000</action>  <!-- p2 -->
      <action>maincpu.pw@2005F684=0000</action>  <!-- p3 -->
      <action>maincpu.pw@2005F698=0000</action>  <!-- p4 -->
    </script>
  </cheat>

  <cheat desc="获得满级经验">
    <comment>任意攻击敌方一次后直接满级</comment>
    <script state="run">
      <action>maincpu.pd@2005F768=F0000000</action>  <!-- p1 -->
      <action>maincpu.pd@2005F88C=F0000000</action>  <!-- p2 -->
      <action>maincpu.pd@2005F9B0=F0000000</action>  <!-- p3 -->
      <action>maincpu.pd@2005FAD4=F0000000</action>  <!-- p4 -->
    </script>
  </cheat>

  <cheat desc="满级抛瓦  设置">
    <parameter>
      <item value="1">直接解锁</item>
      <item value="2">春哥附体</item>
    </parameter>
    <script state="run">
    <!-- 直接解锁 -->
      <action condition="param == 1">maincpu.pd@2005F7B6=02020206</action>  <!-- p1 -->
      <action condition="param == 1">maincpu.pw@2005F7BA=0010</action>
      <action condition="param == 1">maincpu.pd@2005F8DA=02020206</action>  <!-- p2 -->
      <action condition="param == 1">maincpu.pw@2005F8DE=0010</action>
      <action condition="param == 1">maincpu.pd@2005F9FE=02020206</action>  <!-- p3 -->
      <action condition="param == 1">maincpu.pw@2005FA02=0010</action>
      <action condition="param == 1">maincpu.pd@2005FB22=02020206</action>  <!-- p4 -->
      <action condition="param == 1">maincpu.pw@2005FB26=0010</action>
    <!-- 春哥附体 -->
      <action condition="param == 2">maincpu.pd@2005F7B6=02FFFF06</action>  <!-- p1 -->
      <action condition="param == 2">maincpu.pw@2005F7BA=FFFF</action>
      <action condition="param == 2">maincpu.pd@2005F8DA=02FFFF06</action>  <!-- p2 -->
      <action condition="param == 2">maincpu.pw@2005F8DE=FFFF</action>
      <action condition="param == 2">maincpu.pd@2005F9FE=02FFFF06</action>  <!-- p3 -->
      <action condition="param == 2">maincpu.pw@2005FA02=FFFF</action>
      <action condition="param == 2">maincpu.pd@2005FB22=02FFFF06</action>  <!-- p4 -->
      <action condition="param == 2">maincpu.pw@2005FB26=FFFF</action>
    </script>
  </cheat>

  <cheat desc="强制击中">
    <script state="run">
      <action>maincpu.rw@1000D164=4600</action>  <!-- 本体攻击 -->
      <action>maincpu.rw@1000C196=4600</action>  <!-- 非本体攻击 -->
    </script>
    <script state="off">
      <action>maincpu.rw@1000D164=D179</action>  <!-- 本体攻击 -->
      <action>maincpu.rw@1000C196=D179</action>  <!-- 非本体攻击 -->
    </script>
  </cheat>

  <cheat desc="过图随机换角">
    <comment>因武器色表会导致角色显示出问题</comment>
    <script state="run">
    <!-- 若玩家存在，则用帧数Mod角色数取角色下标 -->
      <action condition="maincpu.pb@2005F69E != FF">maincpu.pb@2005F69E= frame % A</action>  <!-- p1 -->
      <action condition="maincpu.pb@2005F7C2 != FF">maincpu.pb@2005F7C2= frame % A</action>  <!-- p2 -->
      <action condition="maincpu.pb@2005F8E6 != FF">maincpu.pb@2005F8E6= frame % A</action>  <!-- p3 -->
      <action condition="maincpu.pb@2005FA0A != FF">maincpu.pb@2005FA0A= frame % A</action>  <!-- p4 -->
    </script>
  </cheat>

  <cheat desc="无卡选择读卡角色">  <!-- 200200F8 -->
    <comment>等同于关闭音效后选角，会导致无法插卡，关闭时恢复</comment>
    <script state="run">
      <action>maincpu.rw@1009AF02=4600</action>
    </script>
    <script state="off">
      <action>maincpu.rw@1009AF02=D001</action>
    </script>
  </cheat>

<!--
2007F158  选角界面 - 选角占位基址
2002039C  选角界面 - p1 角色下标
2005FB2C  中途加入 - 选角占位基址
2005F7E9  中途加入 - p2 角色下标
-->
  <cheat desc="可选重复角色">
    <script state="run">
    <!-- 选角界面 -->
      <action>maincpu.rw@1008761A=E009</action>  <!-- 初入 -->
      <action>maincpu.rw@10088636=4600</action>  <!-- 下 → 上 -->
      <action>maincpu.rw@10088362=4600</action>  <!-- 上 → 下 -->
      <action>maincpu.rw@1008809A=4600</action>  <!-- 左 → 右 -->
      <action>maincpu.rw@10087DE0=4600</action>  <!-- 右 → 左 -->
    <!-- 中途加入 -->
      <action>maincpu.rw@100607D6=4600</action>
    </script>
    <script state="off">
    <!-- 选角界面 -->
      <action>maincpu.rw@1008761A=D109</action>  <!-- 初入 -->
      <action>maincpu.rw@10088636=D132</action>  <!-- 下 → 上 -->
      <action>maincpu.rw@10088362=D133</action>  <!-- 上 → 下 -->
      <action>maincpu.rw@1008809A=D12C</action>  <!-- 左 → 右 -->
      <action>maincpu.rw@10087DE0=D12C</action>  <!-- 右 → 左 -->
    <!-- 中途加入 -->
      <action>maincpu.rw@100607D6=D13D</action>
    </script>
  </cheat>

  <cheat desc="无限血量">
    <script state="run">
      <action>maincpu.pb@20056C40=FF</action>  <!-- p1 -->
      <action>maincpu.pb@20056F1C=FF</action>  <!-- p2 -->
      <action>maincpu.pb@200571F8=FF</action>  <!-- p3 -->
      <action>maincpu.pb@200574D4=FF</action>  <!-- p4 -->
    </script>
  </cheat>

  <cheat desc="满西币">
    <script state="run">
      <action>maincpu.pw@2005F764=FFFF</action>  <!-- p1 -->
      <action>maincpu.pw@2005F888=FFFF</action>  <!-- p2 -->
      <action>maincpu.pw@2005F9AC=FFFF</action>  <!-- p3 -->
      <action>maincpu.pw@2005FAD0=FFFF</action>  <!-- p4 -->
    </script>
  </cheat>

  <cheat desc="拥有5本经书">
    <comment>可触发黄眉爆气，亦可存卡</comment>
    <script state="run">
    <!-- p1 -->
      <action>maincpu.pb@20060223=D1</action>  <!-- 经书 1 -->
      <action>maincpu.pb@20060224=01</action>
      <action>maincpu.pb@2006022D=D2</action>  <!-- 经书 2 -->
      <action>maincpu.pb@2006022E=02</action>
      <action>maincpu.pb@20060237=D3</action>  <!-- 经书 3 -->
      <action>maincpu.pb@20060238=03</action>
      <action>maincpu.pb@20060241=D4</action>  <!-- 经书 4 -->
      <action>maincpu.pb@20060242=04</action>
      <action>maincpu.pb@2006024B=D5</action>  <!-- 经书 5 -->
      <action>maincpu.pb@2006024C=05</action>
      <action>maincpu.pb@2006026A=09</action>  <!-- 开启装备栏经书格 -->
    <!-- p2 -->
      <action>maincpu.pb@200604D3=D1</action>  <!-- 经书 1 -->
      <action>maincpu.pb@200604D4=01</action>
      <action>maincpu.pb@200604DD=D2</action>  <!-- 经书 2 -->
      <action>maincpu.pb@200604DE=02</action>
      <action>maincpu.pb@200604E7=D3</action>  <!-- 经书 3 -->
      <action>maincpu.pb@200604E8=03</action>
      <action>maincpu.pb@200604F1=D4</action>  <!-- 经书 4 -->
      <action>maincpu.pb@200604F2=04</action>
      <action>maincpu.pb@200604FB=D5</action>  <!-- 经书 5 -->
      <action>maincpu.pb@200604FC=05</action>
      <action>maincpu.pb@2006051A=09</action>  <!-- 开启装备栏经书格 -->
    <!-- p3 -->
      <action>maincpu.pb@20060783=D1</action>  <!-- 经书 1 -->
      <action>maincpu.pb@20060784=01</action>
      <action>maincpu.pb@2006078D=D2</action>  <!-- 经书 2 -->
      <action>maincpu.pb@2006078E=02</action>
      <action>maincpu.pb@20060797=D3</action>  <!-- 经书 3 -->
      <action>maincpu.pb@20060798=03</action>
      <action>maincpu.pb@200607A1=D4</action>  <!-- 经书 4 -->
      <action>maincpu.pb@200607A2=04</action>
      <action>maincpu.pb@200607AB=D5</action>  <!-- 经书 5 -->
      <action>maincpu.pb@200607AC=05</action>
      <action>maincpu.pb@200607CA=09</action>  <!-- 开启装备栏经书格 -->
    <!-- p4 -->
      <action>maincpu.pb@20060A33=D1</action>  <!-- 经书 1 -->
      <action>maincpu.pb@20060A34=01</action>
      <action>maincpu.pb@20060A3D=D2</action>  <!-- 经书 2 -->
      <action>maincpu.pb@20060A3E=02</action>
      <action>maincpu.pb@20060A47=D3</action>  <!-- 经书 3 -->
      <action>maincpu.pb@20060A48=03</action>
      <action>maincpu.pb@20060A51=D4</action>  <!-- 经书 4 -->
      <action>maincpu.pb@20060A52=04</action>
      <action>maincpu.pb@20060A5B=D5</action>  <!-- 经书 5 -->
      <action>maincpu.pb@20060A5C=05</action>
      <action>maincpu.pb@20060A7A=09</action>  <!-- 开启装备栏经书格 -->
    </script>
  </cheat>

  <cheat desc=" "/>
  <cheat desc="# 敌方 #"/>
  <cheat desc="　"/>

  <cheat desc="不攻击">
    <script state="run">
      <action>maincpu.pb@200200A2=00</action>
    </script>
    <script state="off">
      <action>maincpu.pb@200200A2=01</action>
    </script>
  </cheat>

  <cheat desc="不可动">
    <script state="run">
      <action>maincpu.pb@200200A3=00</action>
    </script>
    <script state="off">
      <action>maincpu.pb@200200A3=01</action>
    </script>
  </cheat>

  <cheat desc="un  死亡落地直接消失">
    <script state="run">
      <action>maincpu.rw@10078BE0=4600</action>  <!-- BOSS 血条是否归 0 -->
      <!-- <action>maincpu.rw@1001D7B8=E011</action> -->  <!-- 敌方尸体闪烁 -->
    </script>
    <script state="off">
      <action>maincpu.rw@10078BE0=D101</action>  <!-- BOSS 血条是否归 0 -->
      <!-- <action>maincpu.rw@1001D7B8=DD11</action> -->
    </script>
  </cheat>

  <cheat desc="多玩家出兵量">
    <script state="run">
      <action>maincpu.rw@10058536=4600</action>
    </script>
    <script state="off">
      <action>maincpu.rw@10058536=DD01</action>
    </script>
  </cheat>

  <cheat desc="敌兵可无限撞出物品">
    <script state="run">
      <action>maincpu.rw@10091D26=4600</action>
    </script>
    <script state="off">
      <action>maincpu.rw@10091D26=5301</action>
    </script>
  </cheat>

  <cheat desc="霸体状态  设置">
    <parameter>
      <item value="1">破霸体</item>
      <item value="2">全程霸体</item>
    </parameter>
    <script state="run">
    <!-- 破霸体 -->
      <action condition="param == 1">maincpu.rw@1000D1F4=4600</action>  <!-- 本体攻击 -->
      <action condition="param == 1">maincpu.rw@1000C1FA=4600</action>  <!-- 非本体攻击 -->
    <!-- 全程霸体 -->
      <action condition="param == 2">maincpu.rw@1000D1F4=E001</action>  <!-- 本体攻击 -->
      <action condition="param == 2">maincpu.rw@1000C1FA=E001</action>  <!-- 非本体攻击 -->
    </script>
    <script state="off">
      <action>maincpu.rw@1000D1F4=D101</action>  <!-- 本体攻击 -->
      <action>maincpu.rw@1000C1FA=D101</action>  <!-- 非本体攻击 -->
    </script>
  </cheat>

  <cheat desc="敌兵是否逃跑  设置">
    <parameter>
      <item value="0x0000">立即</item>
      <item value="0xFFFF">永不</item>
    </parameter>
    <script state="run">
      <action>maincpu.pw@2005BCA8=param</action>
    </script>
  </cheat>

  <cheat desc="BOSS是否遁入幻境  设置">
    <parameter>
      <item value="0">永不</item>
      <item value="1">无限</item>
    </parameter>
    <script state="run">
    <!-- 是否已遁入过幻境 -->
      <action>maincpu.rw@100980B8=E000</action>
    <!-- 遁入幻境次数上限 -->
      <action condition="param == 0">maincpu.rw@10098032=E01D</action>
      <action condition="param == 1">maincpu.rw@10098032=4600</action>
    </script>
    <script state="off">
    <!-- 是否已遁入过幻境 -->
      <action>maincpu.rw@100980B8=D100</action>
    <!-- 遁入幻境次数上限 -->
      <action>maincpu.rw@10098032=DA1D</action>
    </script>
  </cheat>

  <cheat desc=" "/>
  <cheat desc="# 物品栏设置 #"/>
  <cheat desc="　"/>

  <cheat desc="格数全开">
    <script state="run">
    <!-- A面 -->
      <action>maincpu.pb@20060268=06</action>  <!-- p1 -->
      <action>maincpu.pb@20060518=06</action>  <!-- p2 -->
      <action>maincpu.pb@200607C8=06</action>  <!-- p3 -->
      <action>maincpu.pb@20060A78=06</action>  <!-- p4 -->
    <!-- B面 -->
      <action>maincpu.pb@20060269=06</action>  <!-- p1 -->
      <action>maincpu.pb@20060519=06</action>  <!-- p2 -->
      <action>maincpu.pb@200607C9=06</action>  <!-- p3 -->
      <action>maincpu.pb@20060A79=06</action>  <!-- p4 -->
    </script>
  </cheat>

  <cheat desc="　"/>

  <cheat desc="A面 - 物品1 - [道具]">
    <parameter>
      <item value="0xA0">冰箭术</item>
      <item value="0xA1">钻石尘</item>
      <item value="0xA2">阎王的吐息</item>
      <item value="0xA3">火海术</item>
      <item value="0xA4">流星雨</item>
      <item value="0xA5">天罚</item>
      <item value="0xA6">雷之墙</item>
      <item value="0xA7">雷神进军</item>
      <item value="0xA8">圣裁之墙</item>
      <item value="0xA9">回头是岸</item>
      <item value="0xAA">引渡西方</item>
      <item value="0xAB">永劫轮回</item>
      <item value="0xAC">神光术</item>
      <item value="0xAD">神威光连打</item>
      <item value="0xAE">变异之光</item>
      <item value="0xAF">巨灵召唤</item>
      <item value="0xB0">巨灵之怒</item>
      <item value="0xB1">诸神之舞</item>
      <item value="0xB2">追魂刀</item>
      <item value="0xB3">震地弹</item>
      <item value="0xB4">乱心烟</item>
      <item value="0xB5">五雷符</item>
      <item value="0xB6">化毒草</item>
      <item value="0xB7">万应丹</item>
      <item value="0xB8">上古龙卵</item>
      <item value="0xB9">鬼蜂窝</item>
      <item value="0xBA">散花镖</item>
      <item value="0xBB">震天雷</item>
      <item value="0xBC">齿轮</item>
      <item value="0xBD">幌金绳</item>
      <item value="0xBE">紫金葫芦</item>
      <item value="0xBF">白玉盂</item>
      <item value="0xC0">人种袋</item>
      <item value="0xC1">冷龙令</item>
      <item value="0xC2">五行车</item>
      <item value="0xC3">阴阳二气瓶</item>
      <item value="0xC4">倒马毒桩</item>
      <item value="0xC5">紫金铃</item>
      <item value="0xC6">召雷令牌</item>
      <item value="0xC7">雷公锤</item>
      <item value="0xC8">玲珑塔</item>
      <item value="0xC9">定风珠</item>
      <item value="0xCA">风袋</item>
      <item value="0xCB">落宝金钱</item>
      <item value="0xCC">神灵护身符</item>
      <item value="0xCD">四海瓶</item>
      <item value="0xCE">九天玄冰扇</item>
      <item value="0xCF">五火神焰扇</item>
      <item value="0xD0">天将令</item>
    </parameter>
    <script state="change">
    <!-- 物品 ID -->
      <action>maincpu.pb@2006011F=param</action>  <!-- p1 -->
      <action>maincpu.pb@200603CF=param</action>  <!-- p2 -->
      <action>maincpu.pb@2006067F=param</action>  <!-- p3 -->
      <action>maincpu.pb@2006092F=param</action>  <!-- p4 -->
    <!-- 数量检测    // 若为 0 则置 1 -->
      <action condition="maincpu.pb@20060120 == 00">maincpu.pb@20060120=01</action>  <!-- p1 -->
      <action condition="maincpu.pb@200603D0 == 00">maincpu.pb@200603D0=01</action>  <!-- p2 -->
      <action condition="maincpu.pb@20060680 == 00">maincpu.pb@20060680=01</action>  <!-- p3 -->
      <action condition="maincpu.pb@20060930 == 00">maincpu.pb@20060930=01</action>  <!-- p4 -->
    </script>
  </cheat>

  <cheat desc="A面 - 物品1 - [降将]">
    <parameter>
      <item value="0x8F">牛魔王</item>
      <item value="0x90">金角</item>
      <item value="0x91">银角</item>
      <item value="0x92">白骨精</item>
      <item value="0x93">黄袍老怪</item>
      <item value="0x94">虎力仙</item>
      <item value="0x95">羊力仙</item>
      <item value="0x96">鹿力仙</item>
      <item value="0x97">金鱼精</item>
      <item value="0x98">六耳猕猴</item>
      <item value="0x99">红孩儿</item>
      <item value="0x9A">大鹏王</item>
      <item value="0x9B">白象王</item>
      <item value="0x9C">青狮王</item>
      <item value="0x9D">蝎子精</item>
      <item value="0x9E">小白鼠</item>
      <item value="0x9F">小蜜蜂</item>
    </parameter>
    <script state="change">
    <!-- 物品 ID -->
      <action>maincpu.pb@2006011F=param</action>  <!-- p1 -->
      <action>maincpu.pb@200603CF=param</action>  <!-- p2 -->
      <action>maincpu.pb@2006067F=param</action>  <!-- p3 -->
      <action>maincpu.pb@2006092F=param</action>  <!-- p4 -->
    <!-- 数量检测    // 若为 0 则置 1 -->
      <action condition="maincpu.pb@20060120 == 00">maincpu.pb@20060120=01</action>  <!-- p1 -->
      <action condition="maincpu.pb@200603D0 == 00">maincpu.pb@200603D0=01</action>  <!-- p2 -->
      <action condition="maincpu.pb@20060680 == 00">maincpu.pb@20060680=01</action>  <!-- p3 -->
      <action condition="maincpu.pb@20060930 == 00">maincpu.pb@20060930=01</action>  <!-- p4 -->
    </script>
  </cheat>

  <cheat desc="A面 - 物品1 - [武器]">
    <parameter>
      <item value="0x01">[孙悟空]  金箍棒</item>
      <item value="0x02">[孙悟空]  通天棍</item>
      <item value="0x03">[孙悟空]  蟠龙破岩棍</item>
      <item value="0x04">[孙悟空]  双炼神棒</item>
      <item value="0x05">[孙悟空]  六轮烈日棍</item>
      <item value="0x06">[孙悟空]  天罡棍</item>
      <item value="0x07">[孙悟空]  超大圣</item>
      <item value="0x08">[孙悟空]  不动龙棍</item>
      <item value="0x09">[孙悟空]  猿神擎天柱</item>
      <item value="0x0A">[猪八戒]  九齿</item>
      <item value="0x0B">[猪八戒]  妖魔忏</item>
      <item value="0x0C">[猪八戒]  异界轮回</item>
      <item value="0x0D">[猪八戒]  神兽牙</item>
      <item value="0x0E">[猪八戒]  四季钉粑</item>
      <item value="0x0F">[猪八戒]  地煞星</item>
      <item value="0x10">[猪八戒]  狱齿</item>
      <item value="0x11">[猪八戒]  天罚钉</item>
      <item value="0x12">[猪八戒]  巨豚钉</item>
      <item value="0x13">[沙悟净]  降魔宝杵</item>
      <item value="0x14">[沙悟净]  黑河月牙铲</item>
      <item value="0x15">[沙悟净]  金刚</item>
      <item value="0x16">[沙悟净]  北辰</item>
      <item value="0x17">[沙悟净]  水妖月牙</item>
      <item value="0x18">[沙悟净]  降魔金刚杵</item>
      <item value="0x19">[沙悟净]  寒冰冻镜铲</item>
      <item value="0x1A">[沙悟净]  天狼</item>
      <item value="0x1B">[沙悟净]  无常</item>
      <item value="0x1C">[二郎神]  方天</item>
      <item value="0x1D">[二郎神]  霸气枪</item>
      <item value="0x1E">[二郎神]  十字天轮</item>
      <item value="0x1F">[二郎神]  驹逢鹏翼枪</item>
      <item value="0x20">[二郎神]  八方天外</item>
      <item value="0x21">[二郎神]  翼影枪</item>
      <item value="0x22">[二郎神]  啸天十字枪</item>
      <item value="0x23">[二郎神]  圣君十字轮</item>
      <item value="0x24">[二郎神]  焦炎绝翼枪</item>
      <item value="0x25">[小龙女]  疾风镰</item>
      <item value="0x26">[小龙女]  龙神爪破</item>
      <item value="0x27">[小龙女]  龙鳞切</item>
      <item value="0x28">[小龙女]  天魔双刃刃</item>
      <item value="0x29">[小龙女]  大旋风</item>
      <item value="0x2A">[小龙女]  迦罗切</item>
      <item value="0x2B">[小龙女]  饕餮无影爪</item>
      <item value="0x2C">[小龙女]  冷翼双刃</item>
      <item value="0x2D">[小龙女]  白龙双翼刃</item>
      <item value="0x2E">[铁扇]  铁扇</item>
      <item value="0x2F">[铁扇]  芭蕉扇</item>
      <item value="0x30">[铁扇]  凤凰焰羽扇</item>
      <item value="0x31">[铁扇]  清风扇</item>
      <item value="0x32">[铁扇]  如意宝扇</item>
      <item value="0x33">[铁扇]  阴阳浦扇</item>
      <item value="0x34">[铁扇]  弥勒喜福扇</item>
      <item value="0x35">[铁扇]  凶鸟羽扇</item>
      <item value="0x36">[铁扇]  金羽散翅扇</item>
      <item value="0x37">[紫衣]  无名剑</item>
      <item value="0x38">[紫衣]  紫蝶</item>
      <item value="0x39">[紫衣]  辟邪剑</item>
      <item value="0x3A">[紫衣]  光霸天</item>
      <item value="0x3B">[紫衣]  紫砂剑</item>
      <item value="0x3C">[紫衣]  牡丹</item>
      <item value="0x3D">[紫衣]  八百银花</item>
      <item value="0x3E">[紫衣]  切光</item>
      <item value="0x3F">[紫衣]  七星龙渊</item>
      <item value="0x40">[嫦娥]  天宫伞</item>
      <item value="0x41">[嫦娥]  八宝伞</item>
      <item value="0x42">[嫦娥]  天伞·弦月</item>
      <item value="0x43">[嫦娥]  灵气宝伞</item>
      <item value="0x44">[嫦娥]  五色伞</item>
      <item value="0x45">[嫦娥]  天伞·满月</item>
      <item value="0x46">[嫦娥]  花好月圆</item>
      <item value="0x47">[嫦娥]  月下舞伞</item>
      <item value="0x48">[嫦娥]  妖伞·叠雨</item>
      <item value="0x49">[唐三藏]  九锡</item>
      <item value="0x4A">[唐三藏]  宝轮</item>
      <item value="0x4B">[唐三藏]  佛光遍照</item>
      <item value="0x4C">[唐三藏]  虚无</item>
      <item value="0x4D">[唐三藏]  八十八佛</item>
      <item value="0x4E">[唐三藏]  大极乐</item>
      <item value="0x4F">[唐三藏]  四大皆空</item>
      <item value="0x50">[唐三藏]  因果</item>
      <item value="0x51">[唐三藏]  先知</item>
      <item value="0x52">[蜘蛛精]  蜘蛛牙</item>
      <item value="0x53">[蜘蛛精]  狼蜘蛛牙</item>
      <item value="0x54">[蜘蛛精]  罪之一方</item>
      <item value="0x55">[蜘蛛精]  零度之吻</item>
      <item value="0x56">[蜘蛛精]  豺狼爪牙</item>
      <item value="0x57">[蜘蛛精]  血腥淑女</item>
      <item value="0x58">[蜘蛛精]  黑寡妇</item>
      <item value="0x59">[蜘蛛精]  灾害</item>
      <item value="0x5A">[蜘蛛精]  蚩尤鬼手</item>
    </parameter>
    <script state="change">
    <!-- 物品 ID -->
      <action>maincpu.pb@2006011F=param</action>  <!-- p1 -->
      <action>maincpu.pb@200603CF=param</action>  <!-- p2 -->
      <action>maincpu.pb@2006067F=param</action>  <!-- p3 -->
      <action>maincpu.pb@2006092F=param</action>  <!-- p4 -->
    <!-- 数量检测    // 若为 0 则置 1 -->
      <action condition="maincpu.pb@20060120 == 00">maincpu.pb@20060120=01</action>  <!-- p1 -->
      <action condition="maincpu.pb@200603D0 == 00">maincpu.pb@200603D0=01</action>  <!-- p2 -->
      <action condition="maincpu.pb@20060680 == 00">maincpu.pb@20060680=01</action>  <!-- p3 -->
      <action condition="maincpu.pb@20060930 == 00">maincpu.pb@20060930=01</action>  <!-- p4 -->
    </script>
  </cheat>

  <cheat desc="A面 - 物品1 - [头冠]">
    <parameter>
      <item value="0x5B">通天冠</item>
      <item value="0x5C">黄袍冠</item>
      <item value="0x5D">死骨发饰</item>
      <item value="0x5E">玄武冠</item>
      <item value="0x5F">麒麟冠</item>
      <item value="0x60">凤驱冠</item>
      <item value="0x61">螭冠</item>
      <item value="0x62">天爆碎炎冠</item>
      <item value="0x63">阎王冠</item>
      <item value="0x64">洛神冠</item>
      <item value="0x7D">箕星冠</item>
      <item value="0x80">辰砂冠</item>
      <item value="0x83">业火冠</item>
      <item value="0x86">霜莲露雨簪</item>
      <item value="0x89">的驴战盔</item>
      <item value="0x8C">翡翠明冠</item>
    </parameter>
    <script state="change">
    <!-- 物品 ID -->
      <action>maincpu.pb@2006011F=param</action>  <!-- p1 -->
      <action>maincpu.pb@200603CF=param</action>  <!-- p2 -->
      <action>maincpu.pb@2006067F=param</action>  <!-- p3 -->
      <action>maincpu.pb@2006092F=param</action>  <!-- p4 -->
    <!-- 数量检测    // 若为 0 则置 1 -->
      <action condition="maincpu.pb@20060120 == 00">maincpu.pb@20060120=01</action>  <!-- p1 -->
      <action condition="maincpu.pb@200603D0 == 00">maincpu.pb@200603D0=01</action>  <!-- p2 -->
      <action condition="maincpu.pb@20060680 == 00">maincpu.pb@20060680=01</action>  <!-- p3 -->
      <action condition="maincpu.pb@20060930 == 00">maincpu.pb@20060930=01</action>  <!-- p4 -->
    </script>
  </cheat>

  <cheat desc="A面 - 物品1 - [衣甲]">
    <parameter>
      <item value="0x65">清心紫金带</item>
      <item value="0x66">护法袈裟</item>
      <item value="0x67">修罗战衣</item>
      <item value="0x68">罗剎布缀</item>
      <item value="0x69">化劲棉衣</item>
      <item value="0x6A">辟火衫</item>
      <item value="0x6B">龙王逆鳞甲</item>
      <item value="0x6C">长生仙袍</item>
      <item value="0x6D">狂牛战盔</item>
      <item value="0x6E">无双英雄</item>
      <item value="0x6F">绝代佳人</item>
      <item value="0x70">紫金八卦镜</item>
      <item value="0x7E">御风练甲</item>
      <item value="0x81">微尘甲</item>
      <item value="0x84">焦炎世界</item>
      <item value="0x87">薄雾仙衣</item>
      <item value="0x8A">爪黄飞电</item>
      <item value="0x8D">琥珀软玉袍</item>
    </parameter>
    <script state="change">
    <!-- 物品 ID -->
      <action>maincpu.pb@2006011F=param</action>  <!-- p1 -->
      <action>maincpu.pb@200603CF=param</action>  <!-- p2 -->
      <action>maincpu.pb@2006067F=param</action>  <!-- p3 -->
      <action>maincpu.pb@2006092F=param</action>  <!-- p4 -->
    <!-- 数量检测    // 若为 0 则置 1 -->
      <action condition="maincpu.pb@20060120 == 00">maincpu.pb@20060120=01</action>  <!-- p1 -->
      <action condition="maincpu.pb@200603D0 == 00">maincpu.pb@200603D0=01</action>  <!-- p2 -->
      <action condition="maincpu.pb@20060680 == 00">maincpu.pb@20060680=01</action>  <!-- p3 -->
      <action condition="maincpu.pb@20060930 == 00">maincpu.pb@20060930=01</action>  <!-- p4 -->
    </script>
  </cheat>

  <cheat desc="A面 - 物品1 - [腰鞋]">
    <parameter>
      <item value="0x71">虎皮腰带</item>
      <item value="0x72">骷髅腰带</item>
      <item value="0x73">疾风腰带</item>
      <item value="0x74">星宿腰带</item>
      <item value="0x75">月轮腰带</item>
      <item value="0x76">日轮腰带</item>
      <item value="0x77">枳首蛇</item>
      <item value="0x78">不摧腰带</item>
      <item value="0x79">伏羲腰带</item>
      <item value="0x7A">女娲腰带</item>
      <item value="0x7B">风神之环</item>
      <item value="0x7C">清心围腰</item>
      <item value="0x7F">镇风带</item>
      <item value="0x82">玄石履</item>
      <item value="0x85">六道劫火环</item>
      <item value="0x88">冰种环</item>
      <item value="0x8B">赤龙驹蹄</item>
      <item value="0x8E">五色琉璃靴</item>
    </parameter>
    <script state="change">
    <!-- 物品 ID -->
      <action>maincpu.pb@2006011F=param</action>  <!-- p1 -->
      <action>maincpu.pb@200603CF=param</action>  <!-- p2 -->
      <action>maincpu.pb@2006067F=param</action>  <!-- p3 -->
      <action>maincpu.pb@2006092F=param</action>  <!-- p4 -->
    <!-- 数量检测    // 若为 0 则置 1 -->
      <action condition="maincpu.pb@20060120 == 00">maincpu.pb@20060120=01</action>  <!-- p1 -->
      <action condition="maincpu.pb@200603D0 == 00">maincpu.pb@200603D0=01</action>  <!-- p2 -->
      <action condition="maincpu.pb@20060680 == 00">maincpu.pb@20060680=01</action>  <!-- p3 -->
      <action condition="maincpu.pb@20060930 == 00">maincpu.pb@20060930=01</action>  <!-- p4 -->
    </script>
  </cheat>

  <cheat desc="B面 - 物品1 - [武器]">
    <parameter>
      <item value="0x01">[孙悟空]  金箍棒</item>
      <item value="0x02">[孙悟空]  通天棍</item>
      <item value="0x03">[孙悟空]  蟠龙破岩棍</item>
      <item value="0x04">[孙悟空]  双炼神棒</item>
      <item value="0x05">[孙悟空]  六轮烈日棍</item>
      <item value="0x06">[孙悟空]  天罡棍</item>
      <item value="0x07">[孙悟空]  超大圣</item>
      <item value="0x08">[孙悟空]  不动龙棍</item>
      <item value="0x09">[孙悟空]  猿神擎天柱</item>
      <item value="0x0A">[猪八戒]  九齿</item>
      <item value="0x0B">[猪八戒]  妖魔忏</item>
      <item value="0x0C">[猪八戒]  异界轮回</item>
      <item value="0x0D">[猪八戒]  神兽牙</item>
      <item value="0x0E">[猪八戒]  四季钉粑</item>
      <item value="0x0F">[猪八戒]  地煞星</item>
      <item value="0x10">[猪八戒]  狱齿</item>
      <item value="0x11">[猪八戒]  天罚钉</item>
      <item value="0x12">[猪八戒]  巨豚钉</item>
      <item value="0x13">[沙悟净]  降魔宝杵</item>
      <item value="0x14">[沙悟净]  黑河月牙铲</item>
      <item value="0x15">[沙悟净]  金刚</item>
      <item value="0x16">[沙悟净]  北辰</item>
      <item value="0x17">[沙悟净]  水妖月牙</item>
      <item value="0x18">[沙悟净]  降魔金刚杵</item>
      <item value="0x19">[沙悟净]  寒冰冻镜铲</item>
      <item value="0x1A">[沙悟净]  天狼</item>
      <item value="0x1B">[沙悟净]  无常</item>
      <item value="0x1C">[二郎神]  方天</item>
      <item value="0x1D">[二郎神]  霸气枪</item>
      <item value="0x1E">[二郎神]  十字天轮</item>
      <item value="0x1F">[二郎神]  驹逢鹏翼枪</item>
      <item value="0x20">[二郎神]  八方天外</item>
      <item value="0x21">[二郎神]  翼影枪</item>
      <item value="0x22">[二郎神]  啸天十字枪</item>
      <item value="0x23">[二郎神]  圣君十字轮</item>
      <item value="0x24">[二郎神]  焦炎绝翼枪</item>
      <item value="0x25">[小龙女]  疾风镰</item>
      <item value="0x26">[小龙女]  龙神爪破</item>
      <item value="0x27">[小龙女]  龙鳞切</item>
      <item value="0x28">[小龙女]  天魔双刃刃</item>
      <item value="0x29">[小龙女]  大旋风</item>
      <item value="0x2A">[小龙女]  迦罗切</item>
      <item value="0x2B">[小龙女]  饕餮无影爪</item>
      <item value="0x2C">[小龙女]  冷翼双刃</item>
      <item value="0x2D">[小龙女]  白龙双翼刃</item>
      <item value="0x2E">[铁扇]  铁扇</item>
      <item value="0x2F">[铁扇]  芭蕉扇</item>
      <item value="0x30">[铁扇]  凤凰焰羽扇</item>
      <item value="0x31">[铁扇]  清风扇</item>
      <item value="0x32">[铁扇]  如意宝扇</item>
      <item value="0x33">[铁扇]  阴阳浦扇</item>
      <item value="0x34">[铁扇]  弥勒喜福扇</item>
      <item value="0x35">[铁扇]  凶鸟羽扇</item>
      <item value="0x36">[铁扇]  金羽散翅扇</item>
      <item value="0x37">[紫衣]  无名剑</item>
      <item value="0x38">[紫衣]  紫蝶</item>
      <item value="0x39">[紫衣]  辟邪剑</item>
      <item value="0x3A">[紫衣]  光霸天</item>
      <item value="0x3B">[紫衣]  紫砂剑</item>
      <item value="0x3C">[紫衣]  牡丹</item>
      <item value="0x3D">[紫衣]  八百银花</item>
      <item value="0x3E">[紫衣]  切光</item>
      <item value="0x3F">[紫衣]  七星龙渊</item>
      <item value="0x40">[嫦娥]  天宫伞</item>
      <item value="0x41">[嫦娥]  八宝伞</item>
      <item value="0x42">[嫦娥]  天伞·弦月</item>
      <item value="0x43">[嫦娥]  灵气宝伞</item>
      <item value="0x44">[嫦娥]  五色伞</item>
      <item value="0x45">[嫦娥]  天伞·满月</item>
      <item value="0x46">[嫦娥]  花好月圆</item>
      <item value="0x47">[嫦娥]  月下舞伞</item>
      <item value="0x48">[嫦娥]  妖伞·叠雨</item>
      <item value="0x49">[唐三藏]  九锡</item>
      <item value="0x4A">[唐三藏]  宝轮</item>
      <item value="0x4B">[唐三藏]  佛光遍照</item>
      <item value="0x4C">[唐三藏]  虚无</item>
      <item value="0x4D">[唐三藏]  八十八佛</item>
      <item value="0x4E">[唐三藏]  大极乐</item>
      <item value="0x4F">[唐三藏]  四大皆空</item>
      <item value="0x50">[唐三藏]  因果</item>
      <item value="0x51">[唐三藏]  先知</item>
      <item value="0x52">[蜘蛛精]  蜘蛛牙</item>
      <item value="0x53">[蜘蛛精]  狼蜘蛛牙</item>
      <item value="0x54">[蜘蛛精]  罪之一方</item>
      <item value="0x55">[蜘蛛精]  零度之吻</item>
      <item value="0x56">[蜘蛛精]  豺狼爪牙</item>
      <item value="0x57">[蜘蛛精]  血腥淑女</item>
      <item value="0x58">[蜘蛛精]  黑寡妇</item>
      <item value="0x59">[蜘蛛精]  灾害</item>
      <item value="0x5A">[蜘蛛精]  蚩尤鬼手</item>
    </parameter>
    <script state="change">
    <!-- 物品 ID -->
      <action>maincpu.pb@2006018D=param</action>  <!-- p1 -->
      <action>maincpu.pb@2006043D=param</action>  <!-- p2 -->
      <action>maincpu.pb@200606ED=param</action>  <!-- p3 -->
      <action>maincpu.pb@2006099D=param</action>  <!-- p4 -->
    <!-- 数量检测    // 若为 0 则置 1 -->
      <action condition="maincpu.pb@2006018E == 00">maincpu.pb@2006018E=01</action>  <!-- p1 -->
      <action condition="maincpu.pb@2006043E == 00">maincpu.pb@2006043E=01</action>  <!-- p2 -->
      <action condition="maincpu.pb@200606EE == 00">maincpu.pb@200606EE=01</action>  <!-- p3 -->
      <action condition="maincpu.pb@2006099E == 00">maincpu.pb@2006099E=01</action>  <!-- p4 -->
    <!-- 耐久度 -->
      <action>maincpu.pb@20060190=64</action>  <!-- p1 -->
      <action>maincpu.pb@20060440=64</action>  <!-- p2 -->
      <action>maincpu.pb@200606F0=64</action>  <!-- p3 -->
      <action>maincpu.pb@200609A0=64</action>  <!-- p4 -->
    </script>
  </cheat>

</mamecheat>

<!--

RAM :   
    |  我方相关
        |  状态  p1 - 20056C9E    // 1为地面  2为空中
        |  分数  p1 - 2005F784  |  p2 - 2005F8A8  |  p3 - 2005F9CC  |  p4 - 2005FAF0
        |  Action  p1 - 20056C20    // 遁入幻境  10021142
    |  模式  20020105    // 依次 0 - 2
    |  语言版本  20020484    // 依次 0 - 5
    |  按键响应  p1 - 2005F6A8

==================================================

ROM :
    物品消失剩余时间
        从ROM读取  10016646  56C0    // R0+2
        写入内存  10016650  83C1    // R0+1E
    我方被击血量减少  1002364E
    敌方被击血量减少  1001BAEA
    紫金铃自动按键  1006ED42 D103 → E003

==================================================

未完成 :
    |  招式柔化
    |  敌兵随机爆物
    |  boss随机爆物

==================================================

招式柔化
    maincpu.rd@2A3C=1A000001    // 是否可中断其它招式并出招
    maincpu.rd@2A3C=E1A00000

2970    // 是否爆气  // 地面↓A不触发
28FC    // 是否空中  // 1为地面  2为空中
28E0    // 是否可中断当前使用招式

    maincpu.rw@100055BA=D171    // 最终控制
    maincpu.rw@100055BA=4600

-->