﻿<mamecheat version="1">

  <cheat desc=" "/>
  <cheat desc="# 通用 #"/>
  <cheat desc="　"/>

  <cheat desc="关卡时间  设置">
    <parameter>
      <item value="0x64">无限</item>
      <item value="0x00">0</item>
    </parameter>
    <script state="run">
      <action>maincpu.pb@28DED7=param</action>
    </script>
  </cheat>

  <cheat desc="各类时间不减">
    <script state="run">
      <action>maincpu.rw@65528=0300</action>  <!-- 角色选择 -->
    </script>
    <script state="off">
      <action>maincpu.rw@65528=6B3F</action>  <!-- 角色选择 -->
    </script>
  </cheat>

  <cheat desc=" "/>
  <cheat desc="# 我方 #"/>
  <cheat desc="　"/>

  <cheat desc="无限能量">
    <script state="run">
      <action>maincpu.pw@29ECF2=FFFF</action>  <!-- p1 -->
      <action>maincpu.pw@=FFFF</action>  <!-- p2 -->
    </script>
  </cheat>

  <cheat desc="一击杀敌">
    <script state="run">
      <action>maincpu.rw@312A0=0300</action>
    </script>
    <script state="off">
      <action>maincpu.rw@312A0=FB02</action>
    </script>
  </cheat>

  <cheat desc=" "/>
  <cheat desc="# 敌方 #"/>
  <cheat desc="　"/>

</mamecheat>

<!--

RAM :

ROM :
    血量减少  3129C  \  最终赋值  3130C

==================================================

笔记 :
    01  指令操作顺序从右至左，内存浏览值从左至右
    02  nop = 0300
    03  软重启会重置ROM内容

-->