﻿<mamecheat version="1">

  <cheat desc="街机/家用机  设置">
    <parameter>
      <item value="0x80">街机</item>
      <item value="0x00">家用机</item>
    </parameter>
    <script state="run">
      <action>maincpu.pb@10FD82=param</action>
    </script>
  </cheat>

  <cheat desc="强制击中">
    <script state="run">
      <action>maincpu.rd@377E=4E714E71</action>  <!-- 大部分攻击 -->
      <action>maincpu.rd@3C5E=4E714E71</action>  <!-- 部分抓取攻击 -->
    </script>
    <script state="off">
      <action>maincpu.rd@377E=6600010C</action>  <!-- 大部分攻击 -->
      <action>maincpu.rd@3C5E=66000042</action>  <!-- 部分抓取攻击 -->
    </script>
  </cheat>

  <cheat desc="显示隐藏角色">
    <script state="run">
      <action>maincpu.pb@10EC34=1F</action>
    </script>
  </cheat>

  <cheat desc=" "/>

  <cheat desc="回合时间  设置">
    <parameter>
      <item value="0x60">无限</item>
      <item value="0x00">0</item>
    </parameter>
    <script state="run">
      <action>maincpu.pb@10A83A=param</action>
      <action>maincpu.rd@24F52=4E714E71</action>  <!-- 修复结算 -->
    </script>
    <script state="off">
      <action>maincpu.rd@24F52=66000142</action>  <!-- 修复结算 -->
    </script>
  </cheat>

  <cheat desc="各类时间不减">
    <script state="run">
      <action>maincpu.rw@1FA86=4E71</action>  <!-- 角色选择 -->
      <action>maincpu.rw@22086=4E71</action>  <!-- 角色排序 -->
    </script>
    <script state="off">
      <action>maincpu.rw@1FA86=8101</action>  <!-- 角色选择 -->
      <action>maincpu.rw@22086=8101</action>  <!-- 角色排序 -->
    </script>
  </cheat>

  <cheat desc=" "/>

  <cheat desc="p1 - 血量  设置">
    <parameter>
      <item value="0x67">满</item>
      <item value="0x00">空</item>
    </parameter>
    <script state="run">
      <action>maincpu.pb@108239=param</action>
    </script>
  </cheat>

  <cheat desc="p1 - 能量  设置">
    <parameter>
      <item value="0x03">满</item>
      <item value="0x00">空</item>
    </parameter>
    <script state="run">
      <action>maincpu.pb@1082E3=param</action>
    </script>
  </cheat>

  <cheat desc="p1 - 随机角色">
    <script state="run">
<!-- 代码自增 -->
      <action>maincpu.pb@10A84B+=1</action>  <!-- 角色1 -->
      <action>maincpu.pb@10A84C+=1</action>  <!-- 角色2 -->
      <action>maincpu.pb@10A84D+=1</action>  <!-- 角色3 -->
<!-- 代码越界修正 -->
      <action condition="maincpu.pb@10A84B == 20">maincpu.pb@10A84B=00</action>  <!-- 角色1 -->
      <action condition="maincpu.pb@10A84C == 20">maincpu.pb@10A84C=00</action>  <!-- 角色2 -->
      <action condition="maincpu.pb@10A84D == 20">maincpu.pb@10A84D=00</action>  <!-- 角色3 -->
    </script>
  </cheat>

  <cheat desc=" "/>

  <cheat desc="p2 - 血量  设置">
    <parameter>
      <item value="0x67">满</item>
      <item value="0x00">空</item>
    </parameter>
    <script state="run">
      <action>maincpu.pb@108439=param</action>
    </script>
  </cheat>

  <cheat desc="p2 - 能量  设置">
    <parameter>
      <item value="0x03">满</item>
      <item value="0x00">空</item>
    </parameter>
    <script state="run">
      <action>maincpu.pb@1084E3=param</action>
    </script>
  </cheat>

  <cheat desc="p2 - 随机角色">
    <script state="run">
<!-- 代码自增 -->
      <action>maincpu.pb@10A85C+=1</action>  <!-- 角色1 -->
      <action>maincpu.pb@10A85D+=1</action>  <!-- 角色2 -->
      <action>maincpu.pb@10A85E+=1</action>  <!-- 角色3 -->
<!-- 代码越界修正 -->
      <action condition="maincpu.pb@10A85C == 20">maincpu.pb@10A85C=00</action>  <!-- 角色1 -->
      <action condition="maincpu.pb@10A85D == 20">maincpu.pb@10A85D=00</action>  <!-- 角色2 -->
      <action condition="maincpu.pb@10A85E == 20">maincpu.pb@10A85E=00</action>  <!-- 角色3 -->
    </script>
  </cheat>

</mamecheat>