﻿<mamecheat version="1">

  <cheat desc="街机/家用机  设置">
    <parameter>
      <item value="0x80">街机</item>
      <item value="0x00">家用机</item>
    </parameter>
    <script state="run">
      <action>maincpu.pb@10FD82=param</action>
    </script>
  </cheat>

  <cheat desc="强制击中">
    <script state="run">
      <action>maincpu.rd@258A=4E714E71</action>  <!-- 大部分攻击 -->
      <action>maincpu.rd@2AA8=4E714E71</action>  <!-- 部分抓取攻击 -->
    </script>
    <script state="off">
      <action>maincpu.rd@258A=66000146</action>  <!-- 大部分攻击 -->
      <action>maincpu.rd@2AA8=66000042</action>  <!-- 部分抓取攻击 -->
    </script>
  </cheat>

  <cheat desc="显示隐藏角色">
    <script state="run">
      <action>maincpu.pb@10EB49=30</action>
    </script>
  </cheat>

  <cheat desc=" "/>

  <cheat desc="回合时间  设置">
    <parameter>
      <item value="0x6000">无限</item>
      <item value="0x0001">0</item>
    </parameter>
    <script state="run">
      <action>maincpu.pw@10A7E6=param</action>
    </script>
  </cheat>

  <cheat desc="各类时间不减">
    <script state="run">
      <action>maincpu.rd@22D02=4E714E71</action>  <!-- 角色选择 -->
      <action>maincpu.rd@265E6=4E714E71</action>  <!-- 角色排序 -->
    </script>
    <script state="off">
      <action>maincpu.rd@22D02=536C00D2</action>  <!-- 角色选择 -->
      <action>maincpu.rd@265E6=536C00D2</action>  <!-- 角色排序 -->
    </script>
  </cheat>

  <cheat desc=" "/>

  <cheat desc="p1 - 血量  设置">
    <parameter>
      <item value="0x65">满</item>
      <item value="0x00">空</item>
    </parameter>
    <script state="run">
      <action>maincpu.pb@108239=param</action>
    </script>
  </cheat>

  <cheat desc="p1 - 能量  设置">
    <parameter>
      <item value="0x90">满</item>
      <item value="0x00">空</item>
    </parameter>
    <script state="run">
      <action>maincpu.pb@1081E8=param</action>
    </script>
  </cheat>

  <cheat desc="p1 - 援护  设置">
    <parameter>
      <item value="0x05">满</item>
      <item value="0x00">空</item>
    </parameter>
    <script state="run">
      <action>maincpu.pb@1082E3=param</action>
    </script>
  </cheat>

  <cheat desc=" "/>

  <cheat desc="p2 - 血量  设置">
    <parameter>
      <item value="0x65">满</item>
      <item value="0x00">空</item>
    </parameter>
    <script state="run">
      <action>maincpu.pb@108439=param</action>
    </script>
  </cheat>

  <cheat desc="p2 - 能量  设置">
    <parameter>
      <item value="0x90">满</item>
      <item value="0x00">空</item>
    </parameter>
    <script state="run">
      <action>maincpu.pb@1083E8=param</action>
    </script>
  </cheat>

  <cheat desc="p2 - 援护  设置">
    <parameter>
      <item value="0x05">满</item>
      <item value="0x00">空</item>
    </parameter>
    <script state="run">
      <action>maincpu.pb@1084E3=param</action>
    </script>
  </cheat>

</mamecheat>