﻿<mamecheat version="1">

  <cheat desc="街机/家用机  设置">
    <parameter>
      <item value="0x80">街机</item>
      <item value="0x00">家用机</item>
    </parameter>
    <script state="run">
      <action>maincpu.pb@10FD82=param</action>
    </script>
  </cheat>

  <cheat desc="强制击中">
    <script state="run">
      <action>maincpu.rw@2B5E=4E71</action>  <!-- 大部分攻击 -->
      <action>maincpu.rd@A3FE=4E714E71</action>  <!-- 部分抓取攻击 -->
    </script>
    <script state="off">
      <action>maincpu.rw@2B5E=668E</action>  <!-- 大部分攻击 -->
      <action>maincpu.rd@A3FE=6200005E</action>  <!-- 部分抓取攻击 -->
    </script>
  </cheat>

  <cheat desc=" "/>

  <cheat desc="回合时间  设置">
    <parameter>
      <item value="0x60">无限</item>
      <item value="0x00">0</item>
    </parameter>
    <script state="run">
      <action>maincpu.pb@10882E=param</action>
    </script>
  </cheat>

  <cheat desc="各类时间不减">
    <script state="run">
      <action>maincpu.rw@3706A=4E71</action>  <!-- 队伍选择 -->
      <action>maincpu.rd@37446=4E714E71</action>  <!-- 队伍选择 - 修复无法选择 -->
      <action>maincpu.rw@37EFC=4E71</action>  <!-- 角色排序 -->
      <action>maincpu.rd@382E6=4E714E71</action>  <!-- 角色排序 - 修复无法选择 -->
    </script>
    <script state="off">
      <action>maincpu.rw@3706A=8300</action>  <!-- 队伍选择 -->
      <action>maincpu.rd@37446=6E00001A</action>  <!-- 队伍选择 - 修复无法选择 -->
      <action>maincpu.rw@37EFC=8300</action>  <!-- 角色排序 -->
      <action>maincpu.rd@382E6=6E000066</action>  <!-- 角色排序 - 修复无法选择 -->
    </script>
  </cheat>

  <cheat desc=" "/>

  <cheat desc="p1 - 血量  设置">
    <parameter>
      <item value="0xCF">满</item>
      <item value="0x00">空</item>
    </parameter>
    <script state="run">
      <action>maincpu.pb@108221=param</action>
    </script>
  </cheat>

  <cheat desc="p1 - 能量  设置">
    <parameter>
      <item value="0x7F">满</item>
      <item value="0x00">空</item>
    </parameter>
    <script state="run">
      <action>maincpu.pb@108219=param</action>
    </script>
  </cheat>

  <cheat desc=" "/>

  <cheat desc="p2 - 血量  设置">
    <parameter>
      <item value="0xCF">满</item>
      <item value="0x00">空</item>
    </parameter>
    <script state="run">
      <action>maincpu.pb@108421=param</action>
    </script>
  </cheat>

  <cheat desc="p2 - 能量  设置">
    <parameter>
      <item value="0x7F">满</item>
      <item value="0x00">空</item>
    </parameter>
    <script state="run">
      <action>maincpu.pb@108419=param</action>
    </script>
  </cheat>

</mamecheat>