﻿<mamecheat version="1">

  <cheat desc="街机/家用机  设置">
    <parameter>
      <item value="0x80">街机</item>
      <item value="0x00">家用机</item>
    </parameter>
    <script state="run">
      <action>maincpu.pb@10FD82=param</action>
    </script>
  </cheat>

  <cheat desc="强制击中">
    <script state="run">
      <action>maincpu.rw@2430=4E71</action>  <!-- 大部分攻击 -->
      <action>maincpu.rd@A64E=4E714E71</action>  <!-- 部分抓取攻击 -->
    </script>
    <script state="off">
      <action>maincpu.rw@2430=66BE</action>  <!-- 大部分攻击 -->
      <action>maincpu.rd@A64E=6200005E</action>  <!-- 部分抓取攻击 -->
    </script>
  </cheat>

  <cheat desc="显示隐藏角色">
    <script state="run">
      <action>maincpu.pb@10E79A=01</action>
    </script>
  </cheat>

  <cheat desc="可选重复角色及颜色">
    <script state="run">
      <action>maincpu.rw@3EC32=600E</action>
      <action>maincpu.rd@3ED02=4E714E71</action>  <!-- bug修复 -->
    </script>
    <script state="off">
      <action>maincpu.rw@3EC32=660E</action>
      <action>maincpu.rd@3ED02=61000032</action>  <!-- bug修复 -->
    </script>
  </cheat>

  <cheat desc=" "/>

  <cheat desc="回合时间  设置">
    <parameter>
      <item value="0x60">无限</item>
      <item value="0x00">0</item>
    </parameter>
    <script state="run">
      <action>maincpu.pb@10A836=param</action>
    </script>
  </cheat>

  <cheat desc="各类时间不减">
    <script state="run">
      <action>maincpu.rd@3E574=4E714E71</action>  <!-- if 设置 team -->
      <action>maincpu.rw@3E844=4E71</action>  <!-- 角色选择 -->
      <action>maincpu.rw@3F616=4E71</action>  <!-- 角色排序 -->
    </script>
    <script state="off">
      <action>maincpu.rd@3E574=536C00D0</action>  <!-- if 设置 team -->
      <action>maincpu.rw@3E844=8101</action>  <!-- 角色选择 -->
      <action>maincpu.rw@3F616=8101</action>  <!-- 角色排序 -->
    </script>
  </cheat>

  <cheat desc=" "/>

  <cheat desc="p1 - 血量  设置">
    <parameter>
      <item value="0xCF">满</item>
      <item value="0x00">空</item>
    </parameter>
    <script state="run">
      <action>maincpu.pb@108221=param</action>
    </script>
  </cheat>

  <cheat desc="p1 - 能量  设置">
    <parameter>
      <item value="0x7F">满</item>
      <item value="0x00">空</item>
    </parameter>
    <script state="run">
      <action>maincpu.pb@108219=param</action>
    </script>
  </cheat>

  <cheat desc=" "/>

  <cheat desc="p2 - 血量  设置">
    <parameter>
      <item value="0xCF">满</item>
      <item value="0x00">空</item>
    </parameter>
    <script state="run">
      <action>maincpu.pb@108421=param</action>
    </script>
  </cheat>

  <cheat desc="p2 - 能量  设置">
    <parameter>
      <item value="0x7F">满</item>
      <item value="0x00">空</item>
    </parameter>
    <script state="run">
      <action>maincpu.pb@108419=param</action>
    </script>
  </cheat>

</mamecheat>