﻿<mamecheat version="1">

  <cheat desc=" "/>

  <cheat desc="街机/家用机  设置">
    <parameter>
      <item value="0x80">街机</item>
      <item value="0x00">家用机</item>
    </parameter>
    <script state="run">
      <action>maincpu.pb@10FD82=param</action>
    </script>
  </cheat>

  <cheat desc="强制击中">
    <script state="run">
      <action>maincpu.rd@=4E714E71</action>  <!-- 大部分攻击 -->
      <action>maincpu.rd@=4E714E71</action>  <!-- 部分抓取攻击 -->
    </script>
    <script state="off">
      <action>maincpu.rd@=</action>  <!-- 大部分攻击 -->
      <action>maincpu.rd@=</action>  <!-- 部分抓取攻击 -->
    </script>
  </cheat>

  <cheat desc=" "/>

  <cheat desc="回合时间  设置">
    <parameter>
      <item value="0x99">无限</item>
      <item value="0x00">0</item>
    </parameter>
    <script state="run">
      <action>maincpu.pb@10E32B=param</action>
      <action>maincpu.rd@=4E714E71</action>  <!-- 修复结算 -->
    </script>
    <script state="off">
      <action>maincpu.rd@=</action>  <!-- 修复结算 -->
    </script>
  </cheat>

  <cheat desc="各类时间不减">
    <script state="run">
      <action>maincpu.rw@6A5D8=4E71</action>  <!-- 角色选择 -->
    </script>
    <script state="off">
      <action>maincpu.rw@6A5D8=8101</action>  <!-- 角色选择 -->
    </script>
  </cheat>

  <cheat desc=" "/>

  <cheat desc="p1 - 血量  设置">
    <parameter>
      <item value="0x0100">满</item>
      <item value="0x0001">空</item>
    </parameter>
    <script state="run">
      <action>maincpu.pw@104580=param</action>
    </script>
  </cheat>

  <cheat desc="p1 - 能量  设置">
    <parameter>
      <item value="0x40">满</item>
      <item value="0x00">空</item>
    </parameter>
    <script state="run">
      <action>maincpu.pb@10458D=param</action>
    </script>
  </cheat>

  <cheat desc=" "/>

  <cheat desc="p2 - 血量  设置">
    <parameter>
      <item value="0x0100">满</item>
      <item value="0x0001">空</item>
    </parameter>
    <script state="run">
      <action>maincpu.pw@104780=param</action>
    </script>
  </cheat>

  <cheat desc="p2 - 能量  设置">
    <parameter>
      <item value="0x40">满</item>
      <item value="0x00">空</item>
    </parameter>
    <script state="run">
      <action>maincpu.pb@10478D=param</action>
    </script>
  </cheat>

</mamecheat>

<!--

RAM :

ROM :
    被击血量减少  4D0EC  916A 0180

-->