﻿<mamecheat version="1">

  <cheat desc=" "/>
  <cheat desc="# 通用 #"/>
  <cheat desc="　"/>

  <cheat desc="关卡时间  设置">
    <parameter>
      <item value="0x176F">无限</item>
      <item value="0x0000">0</item>
    </parameter>
    <script state="run">
      <action>maincpu.pw@3195A=param</action>
    </script>
  </cheat>

  <cheat desc=" ">
    <script state="run">
      <action>maincpu.pb@=</action>
    </script>
  </cheat>

  <cheat desc=" "/>
  <cheat desc="# 我方 #"/>
  <cheat desc="　"/>

  <cheat desc="角色无敌">  <!-- 其后3个字节若不为0则闪烁无敌 -->
    <script state="run">
      <action>maincpu.pb@2A970=F0</action>  <!-- p1 -->
      <action>maincpu.pb@=F0</action>  <!-- p2 -->
      <action>maincpu.pb@=F0</action>  <!-- p3 -->
      <action>maincpu.pb@=F0</action>  <!-- p4 -->
    </script>
    <script state="off">
      <action>maincpu.pb@2A970=00</action>  <!-- p1 -->
      <action>maincpu.pb@=00</action>  <!-- p2 -->
      <action>maincpu.pb@=00</action>  <!-- p3 -->
      <action>maincpu.pb@=00</action>  <!-- p4 -->
    </script>
  </cheat>

  <cheat desc="无限能量">
    <script state="run">
<!-- 实际能量 -->
      <action>maincpu.pb@318F7=64</action>  <!-- p1 -->
      <action>maincpu.pb@=64</action>  <!-- p2 -->
      <action>maincpu.pb@=64</action>  <!-- p3 -->
      <action>maincpu.pb@=64</action>  <!-- p4 -->
<!-- 满能量已持续时间 -->
      <action>maincpu.pw@31906=0000</action>  <!-- p1 -->
      <action>maincpu.pw@=0000</action>  <!-- p2 -->
      <action>maincpu.pw@=0000</action>  <!-- p3 -->
      <action>maincpu.pw@=0000</action>  <!-- p4 -->
    </script>
  </cheat>

  <cheat desc="轻疾如影">
    <script state="run">
      <action>maincpu.pd@2A974=FFFFFFFF</action>  <!-- p1 -->
      <action>maincpu.pd@=FFFFFFFF</action>  <!-- p2 -->
      <action>maincpu.pd@=FFFFFFFF</action>  <!-- p3 -->
      <action>maincpu.pd@=FFFFFFFF</action>  <!-- p4 -->
    </script>
    <script state="off">
      <action>maincpu.pd@2A974=00000000</action>  <!-- p1 -->
      <action>maincpu.pd@=00000000</action>  <!-- p2 -->
      <action>maincpu.pd@=00000000</action>  <!-- p3 -->
      <action>maincpu.pd@=00000000</action>  <!-- p4 -->
    </script>
  </cheat>

  <cheat desc="物品不减">
    <script state="run">
      <action>maincpu.rw@E958=0300</action>
    </script>
    <script state="off">
      <action>maincpu.rw@E958=D946</action>
    </script>
  </cheat>

  <cheat desc=" "/>
  <cheat desc="# 敌方 #"/>
  <cheat desc="　"/>

  <cheat desc="锁定敌方坐标">
    <script state="run">
      <action>maincpu.pw@2AAC2=CF00</action>
      <action>maincpu.pw@2AAC6=AEFE</action>
    </script>
  </cheat>

</mamecheat>

<!--

RAM :
    p1相关
        炸弹数量  2AA6B

ROM :
    敌方血量减少  10AA2  // 敌方1血量  2AB56

==================================================

笔记 :
    01  指令操作顺序从右至左，内存浏览值从左至右
    02  nop = 0300
    03  软重启会重置ROM内容

==================================================

// p1使用物品减少  // 执行前 2AA68=FC，L37=2AA68，L38=2AA68，L39=2AA68
0000E950: LDW.R L38, L39    // 执行后 L39=FC  // 将左侧寄存器地址中的值传递值右侧寄存器
0000E952: SUM L38, L39, $ffffffff    // 执行后 L38=FB  // 将右侧寄存器的值加ffffffff后得到的结果传递至左侧寄存器
0000E956: MOV L39, L38    // 执行后 L39=FB  // 右到左值传递
0000E958: STW.R L37, L39    // 执行后 2AA68=FB

-->