﻿<mamecheat version="1">

  <cheat desc=" "/>
  <cheat desc="# 通用 #"/>
  <cheat desc="　"/>

  <cheat desc="关卡时间  设置">
    <parameter>
      <item value="0x99">无限</item>
      <item value="0x00">0</item>
    </parameter>
    <script state="run">
      <action>maincpu.pb@FE2B95=param</action>
    </script>
  </cheat>

  <cheat desc="各类时间不减">
    <script state="run">
      <action>maincpu.rd@B5E=4E714E71</action>  <!-- 通关签名 -->
    </script>
    <script state="off">
      <action>maincpu.rd@B5E=81098109</action>  <!-- 通关签名 -->
    </script>
  </cheat>

  <cheat desc=" "/>
  <cheat desc="# 我方 #"/>
  <cheat desc="　"/>

  <cheat desc="无限能量">
    <script state="run">
      <action>maincpu.pw@FE34FC=0101</action>  <!-- p1 -->
      <action>maincpu.pw@=0101</action>  <!-- p2 -->
    </script>
  </cheat>

  <cheat desc="强制击中">
    <script state="run">
      <action>maincpu.rd@21C76=4E714E71</action>  <!-- 常规攻击 - 对敌 - X -->
      <action>maincpu.rd@21B52=4E714E71</action>  <!-- 常规攻击 - 对敌 - Y -->
      <action>maincpu.rd@220EE=4E714E71</action>  <!-- 常规攻击 - 对建筑 - X -->
      <action>maincpu.rd@220A8=4E714E71</action>  <!-- 常规攻击 - 对建筑 - Y -->
      <action>maincpu.rd@30AF4=4E714E71</action>  <!-- 非常规攻击 - 对敌 - X -->
      <action>maincpu.rd@30AA4=4E714E71</action>  <!-- 非常规攻击 - 对敌 - Y -->
    </script>
    <script state="off">
      <action>maincpu.rd@21C76=6C000244</action>  <!-- 常规攻击 - 对敌 - X -->
      <action>maincpu.rd@21B52=6E000368</action>  <!-- 常规攻击 - 对敌 - Y -->
      <action>maincpu.rd@220EE=6C00011A</action>  <!-- 常规攻击 - 对建筑 - X -->
      <action>maincpu.rd@220A8=6E000160</action>  <!-- 常规攻击 - 对建筑 - Y -->
      <action>maincpu.rd@30AF4=6C0000BC</action>  <!-- 非常规攻击 - 对敌 - X -->
      <action>maincpu.rd@30AA4=6C00010C</action>  <!-- 非常规攻击 - 对敌 - Y -->
    </script>
  </cheat>

  <cheat desc="一击杀敌">
    <script state="run">
      <action>maincpu.rw@218B8=4E71</action>
    </script>
    <script state="off">
      <action>maincpu.rw@218B8=6A02</action>
    </script>
  </cheat>

  <cheat desc=" "/>
  <cheat desc="# 敌方 #"/>
  <cheat desc="　"/>

</mamecheat>

<!--

RAM :

ROM :
    血量减少  218B6  \  最终赋值  21956

-->