
分别对应 盖世 302 / 西2 104 / 33 104 版


  <cheat desc="orleg2 - 跳过ROM自检">
    <script state="run">
      <action>maincpu.rd@397C=EA00001E</action>
    </script>
    <script state="off">
      <action>maincpu.rd@397C=EA000018</action>
    </script>
  </cheat>

  <cheat desc="kov2nl - 跳过ROM自检">
    <script state="run">
      <action>maincpu.rd@1974=EA00001E</action>
    </script>
    <script state="off">
      <action>maincpu.rd@1974=EA000018</action>
    </script>
  </cheat>

  <cheat desc="kov3 - 跳过ROM自检">
    <script state="run">
      <action>maincpu.rd@1BB4=EA000034</action>
      <action>maincpu.rd@3540=EA00001E</action>
    </script>
    <script state="off">
      <action>maincpu.rd@1BB4=EA00001F</action>
      <action>maincpu.rd@3540=EA000018</action>
    </script>
  </cheat>