﻿<mamecheat version="1">

  <cheat desc="Unlimited Combo">
    <script state="run">
      <action>maincpu.rw@10029AE0=E002</action>
    </script>
    <script state="off">
      <action>maincpu.rw@10029AE0=D102</action>
    </script>
  </cheat>

  <cheat desc="Super Cancel">  <!-- 20040E9B  |  20040DED -->
    <script state="run">
      <action>maincpu.rw@1004BF3C=E002</action>
      <action>maincpu.rw@100608E0=E000</action>
      <action>maincpu.rw@100609FC=4600</action>
    </script>
    <script state="off">
      <action>maincpu.rw@1004BF3C=D002</action>
      <action>maincpu.rw@100608E0=D100</action>
      <action>maincpu.rw@100609FC=D100</action>
    </script>
  </cheat>

  <cheat desc="Enable All Hidden Roles And Select Repeatable">
    <script state="run">
      <action>maincpu.rw@101E7002=FA48</action>  <!-- If can switch with key Start -->
      <action>maincpu.rw@101E6C2E=4600</action>  <!-- If can select -->
      <action>maincpu.rw@101DB7BC=E007</action>  <!-- If display Orochi -->
      <action>maincpu.rw@101DB7D0=E007</action>  <!-- If display Goenitz -->
      <action>maincpu.rw@101E6BE4=E00D</action>  <!-- If can select Orochi -->
      <action>maincpu.rw@101E6C06=E000</action>  <!-- If can select Goenitz -->
    <!-- Role select repeatable -->
      <action>maincpu.rw@101E6A38=4600</action>  <!-- If will change cursor location after select -->
      <action>maincpu.rw@101E6A40=4600</action>
      <action>maincpu.rw@101E5F92=E001</action>  <!-- If can reselect selected roles -->
    </script>
    <script state="off">
      <action>maincpu.rw@101E7002=FA23</action>  <!-- If can switch with key Start -->
      <action>maincpu.rw@101E6C2E=D0F2</action>  <!-- If can select -->
      <action>maincpu.rw@101DB7BC=D107</action>  <!-- If display Orochi -->
      <action>maincpu.rw@101DB7D0=D107</action>  <!-- If display Goenitz -->
      <action>maincpu.rw@101E6BE4=D10D</action>  <!-- If can select Orochi -->
      <action>maincpu.rw@101E6C06=D100</action>  <!-- If can select Goenitz -->
    <!-- Role select repeatable -->
      <action>maincpu.rw@101E6A38=8281</action>  <!-- If will change cursor location after select -->
      <action>maincpu.rw@101E6A40=82C5</action>
      <action>maincpu.rw@101E5F92=D101</action>  <!-- If can reselect selected roles -->
    </script>
  </cheat>

  <cheat desc="Bypass ROM And RAM Check">
    <script state="run">
      <action>maincpu.rb@1AE0=1E</action>  <!-- ROM -->
      <action>maincpu.rb@0A8F=EA</action>  <!-- RAM -->
    </script>
    <script state="off">
      <action>maincpu.rb@1AE0=18</action>  <!-- ROM -->
      <action>maincpu.rb@0A8F=0A</action>  <!-- RAM -->
    </script>
  </cheat>

  <cheat desc="Force Hit">
    <script state="run">
      <action>maincpu.rw@10029A3E=E002</action>  <!-- The most of attacks -->
      <action>maincpu.rw@1002A7FA=E000</action>  <!-- Some capture attacks -->
    </script>
    <script state="off">
      <action>maincpu.rw@10029A3E=D002</action>  <!-- The most of attacks -->
      <action>maincpu.rw@1002A7FA=D000</action>  <!-- Some capture attacks -->
    </script>
  </cheat>

  <cheat desc=" "/>

  <cheat desc="Round Time  Custom">
    <parameter>
      <item value="0x60">Infinity</item>
      <item value="0x00">0</item>
    </parameter>
    <script state="run">
      <action>maincpu.pb@20018C04=param</action>
      <action>maincpu.rw@10011A66=E002</action>  <!-- Fix result -->
    </script>
    <script state="off">
      <action>maincpu.rw@10011A66=D002</action>  <!-- Fix result -->
    </script>
  </cheat>

  <cheat desc="Kinds Of Time No Dec">
    <script state="run">
      <action>maincpu.rw@101E3FEC=4600</action>  <!-- Mode select -->
      <action>maincpu.rw@101E3F4A=4600</action>  <!-- Role select -->
      <action>maincpu.rw@101E3E3A=4600</action>  <!-- Role sort -->
    </script>
    <script state="off">
      <action>maincpu.rw@101E3FEC=1E40</action>  <!-- Mode select -->
      <action>maincpu.rw@101E3F4A=1E40</action>  <!-- Role select -->
      <action>maincpu.rw@101E3E3A=1E40</action>  <!-- Role sort -->
    </script>
  </cheat>

  <cheat desc=" "/>

  <cheat desc="p1 - Health  Custom">
    <parameter>
      <item value="0x77">Full</item>
      <item value="0x00">Empty</item>
    </parameter>
    <script state="run">
      <action>maincpu.pb@20040EA8=param</action>
    </script>
  </cheat>

  <cheat desc="p1 - Energy  Custom">
    <parameter>
      <item value="0x05">Full</item>
      <item value="0x00">Empty</item>
    </parameter>
    <script state="run">
      <action>maincpu.pb@20040F53=param</action>  <!-- Advanced -->
      <action>maincpu.pb@20040E59=60</action>  <!-- Extra -->
    </script>
  </cheat>

  <cheat desc=" "/>

  <cheat desc="p2 - Health  Custom">
    <parameter>
      <item value="0x77">Full</item>
      <item value="0x00">Empty</item>
    </parameter>
    <script state="run">
      <action>maincpu.pb@200410A8=param</action>
    </script>
  </cheat>

  <cheat desc="p2 - Energy  Custom">
    <parameter>
      <item value="0x05">Full</item>
      <item value="0x00">Empty</item>
    </parameter>
    <script state="run">
      <action>maincpu.pb@20041153=param</action>  <!-- Advanced -->
      <action>maincpu.pb@20041059=60</action>  <!-- Extra -->
    </script>
  </cheat>

</mamecheat>

<!--

RAM :
    ABC state countdown  p1  20040E5B
    Role code
        p1
            1  2004548C
            2  2004548D
            3  2004548E
        p2
            1  200454A0
            2  200454A1
            3  200454A2
    Cursor location of role select  p1  20038244    // +2 = Role code , switch one are included

==================================================

ROM :

==================================================

Role code :

    00	Kyo Kusanagi
    01	Benimaru Nikaido
    02	Goro Daimon
    03	Terry Bogard
    04	Andy Bogard
    05	Joe Higashi
    06	Ryo Sakazaki
    07	Robert Garcia
    08	Yuri Sakazaki
    09	Leona Heidern
    0A	Ralf Jones
    0B	Clark Still
    0C	Athena Asamiya
    0D	Sie Kensou
    0E	Chin Gentsai
    0F	Chizuru Kagura
    10	Mai Shiranui
    11	King
    12	Kim Kaphwan
    13	Chang Koehan
    14	Choi Bounge
    15	Yashiro Nanakase
    16	Shermie
    17	Chris
    18	Ryuji Yamazaki
    19	Blue Mary
    1A	Billy Kane
    1B	Iori Yagami
    1C	Mature
    1D	Vice
    1E	Heidern
    1F	Takuma Sakazaki
    20	Saisyu Kusanagi
    21	Heavy D!
    22	Lucky Glauber
    23	Brian Battler
    24	Rugal Bernstein
    25	Shingo Yabuki
    26	Kasumi Todoh
    27	Geese Howard
    28	Wolfgang Krauser
    29	Mr. Big
    2A	Goenitz    // Hidden
    2B	Iori Yagami    // Hidden
    2C	Leona Heidern    // Hidden
    2D	Orochi    // Hidden
    2E	Eiji Kisaragi
    2F	Blue Mary
    30	Kyo Kusanagi
    31	Terry Bogard
    32	Andy Bogard
    33	Joe Higashi
    34	Ryo Sakazaki
    35	Robert Garcia
    36	Yuri Sakazaki
    37	Mai Shiranui
    38	Billy Kane
    39	Yashiro Nanakase
    3A	Shermie
    3B	Chris
    3C	Omega Rugal    // Hidden
    3D	King
    3E	Ryuji Yamazaki
    3F	Geese Howard

-->