﻿<mamecheat version="1">

  <cheat desc="无限制追击">
    <script state="run">
      <action>maincpu.rw@10029AE0=E002</action>
    </script>
    <script state="off">
      <action>maincpu.rw@10029AE0=D102</action>
    </script>
  </cheat>

  <cheat desc="招式柔化">  <!-- 20040E9B  |  20040DED -->
    <script state="run">
      <action>maincpu.rw@1004BF3C=E002</action>
      <action>maincpu.rw@100608E0=E000</action>
      <action>maincpu.rw@100609FC=4600</action>
    </script>
    <script state="off">
      <action>maincpu.rw@1004BF3C=D002</action>
      <action>maincpu.rw@100608E0=D100</action>
      <action>maincpu.rw@100609FC=D100</action>
    </script>
  </cheat>

  <cheat desc="可选全隐藏及重复角色">
    <script state="run">
      <action>maincpu.rw@101E7002=FA48</action>  <!-- 可否按start切换 -->
      <action>maincpu.rw@101E6C2E=4600</action>  <!-- 可否选择 -->
      <action>maincpu.rw@101DB7BC=E007</action>  <!-- 显示大蛇 -->
      <action>maincpu.rw@101DB7D0=E007</action>  <!-- 显示高尼兹 -->
      <action>maincpu.rw@101E6BE4=E00D</action>  <!-- 可选大蛇 -->
      <action>maincpu.rw@101E6C06=E000</action>  <!-- 可选高尼兹 -->
    <!-- 可选重复角色 -->
      <action>maincpu.rw@101E6A38=4600</action>  <!-- 选角后光标位置不变 -->
      <action>maincpu.rw@101E6A40=4600</action>
      <action>maincpu.rw@101E5F92=E001</action>  <!-- 是否可重选已选择角色 -->
    </script>
    <script state="off">
      <action>maincpu.rw@101E7002=FA23</action>  <!-- 可否按start切换 -->
      <action>maincpu.rw@101E6C2E=D0F2</action>  <!-- 可否选择 -->
      <action>maincpu.rw@101DB7BC=D107</action>  <!-- 显示大蛇 -->
      <action>maincpu.rw@101DB7D0=D107</action>  <!-- 显示高尼兹 -->
      <action>maincpu.rw@101E6BE4=D10D</action>  <!-- 可选大蛇 -->
      <action>maincpu.rw@101E6C06=D100</action>  <!-- 可选高尼兹 -->
    <!-- 可选重复角色 -->
      <action>maincpu.rw@101E6A38=8281</action>  <!-- 选角后光标位置不变 -->
      <action>maincpu.rw@101E6A40=82C5</action>
      <action>maincpu.rw@101E5F92=D101</action>  <!-- 是否可重选已选择角色 -->
    </script>
  </cheat>

  <cheat desc="跳过ROM及RAM自检">
    <script state="run">
      <action>maincpu.rb@1AE0=1E</action>  <!-- ROM -->
      <action>maincpu.rb@0A8F=EA</action>  <!-- RAM -->
    </script>
    <script state="off">
      <action>maincpu.rb@1AE0=18</action>  <!-- ROM -->
      <action>maincpu.rb@0A8F=0A</action>  <!-- RAM -->
    </script>
  </cheat>

  <cheat desc="强制击中">
    <script state="run">
      <action>maincpu.rw@10029A3E=E002</action>  <!-- 大部分攻击 -->
      <action>maincpu.rw@1002A7FA=E000</action>  <!-- 部分抓取攻击 -->
    </script>
    <script state="off">
      <action>maincpu.rw@10029A3E=D002</action>  <!-- 大部分攻击 -->
      <action>maincpu.rw@1002A7FA=D000</action>  <!-- 部分抓取攻击 -->
    </script>
  </cheat>

  <cheat desc=" "/>

  <cheat desc="回合时间  设置">
    <parameter>
      <item value="0x60">无限</item>
      <item value="0x00">0</item>
    </parameter>
    <script state="run">
      <action>maincpu.pb@20018C04=param</action>
      <action>maincpu.rw@10011A66=E002</action>  <!-- 修复结算 -->
    </script>
    <script state="off">
      <action>maincpu.rw@10011A66=D002</action>  <!-- 修复结算 -->
    </script>
  </cheat>

  <cheat desc="各类时间不减">
    <script state="run">
      <action>maincpu.rw@101E3FEC=4600</action>  <!-- 模式选择 -->
      <action>maincpu.rw@101E3F4A=4600</action>  <!-- 角色选择 -->
      <action>maincpu.rw@101E3E3A=4600</action>  <!-- 角色排序 -->
    </script>
    <script state="off">
      <action>maincpu.rw@101E3FEC=1E40</action>  <!-- 模式选择 -->
      <action>maincpu.rw@101E3F4A=1E40</action>  <!-- 角色选择 -->
      <action>maincpu.rw@101E3E3A=1E40</action>  <!-- 角色排序 -->
    </script>
  </cheat>

  <cheat desc=" "/>

  <cheat desc="p1 - 血量  设置">
    <parameter>
      <item value="0x77">满</item>
      <item value="0x00">空</item>
    </parameter>
    <script state="run">
      <action>maincpu.pb@20040EA8=param</action>
    </script>
  </cheat>

  <cheat desc="p1 - 能量  设置">
    <parameter>
      <item value="0x05">满</item>
      <item value="0x00">空</item>
    </parameter>
    <script state="run">
      <action>maincpu.pb@20040F53=param</action>  <!-- Advanced -->
      <action>maincpu.pb@20040E59=60</action>  <!-- Extra -->
    </script>
  </cheat>

  <cheat desc=" "/>

  <cheat desc="p2 - 血量  设置">
    <parameter>
      <item value="0x77">满</item>
      <item value="0x00">空</item>
    </parameter>
    <script state="run">
      <action>maincpu.pb@200410A8=param</action>
    </script>
  </cheat>

  <cheat desc="p2 - 能量  设置">
    <parameter>
      <item value="0x05">满</item>
      <item value="0x00">空</item>
    </parameter>
    <script state="run">
      <action>maincpu.pb@20041153=param</action>  <!-- Advanced -->
      <action>maincpu.pb@20041059=60</action>  <!-- Extra -->
    </script>
  </cheat>

</mamecheat>

<!--

RAM :
    爆气倒数  p1  20040E5B
    对应位置角色代码
        p1
            1  2004548C
            2  2004548D
            3  2004548E
        p2
            1  200454A0
            2  200454A1
            3  200454A2
    选角时光标位置  p1  20038244    // +2为角色代码，包括切换到的

==================================================

ROM :

==================================================

角色代码 :

    00	Kyo Kusanagi
    01	Benimaru Nikaido
    02	Goro Daimon
    03	Terry Bogard
    04	Andy Bogard
    05	Joe Higashi
    06	Ryo Sakazaki
    07	Robert Garcia
    08	Yuri Sakazaki
    09	Leona Heidern
    0A	Ralf Jones
    0B	Clark Still
    0C	Athena Asamiya
    0D	Sie Kensou
    0E	Chin Gentsai
    0F	Chizuru Kagura
    10	Mai Shiranui
    11	King
    12	Kim Kaphwan
    13	Chang Koehan
    14	Choi Bounge
    15	Yashiro Nanakase
    16	Shermie
    17	Chris
    18	Ryuji Yamazaki
    19	Blue Mary
    1A	Billy Kane
    1B	Iori Yagami
    1C	Mature
    1D	Vice
    1E	Heidern
    1F	Takuma Sakazaki
    20	Saisyu Kusanagi
    21	Heavy D!
    22	Lucky Glauber
    23	Brian Battler
    24	Rugal Bernstein
    25	Shingo Yabuki
    26	Kasumi Todoh
    27	Geese Howard
    28	Wolfgang Krauser
    29	Mr. Big
    2A	Goenitz    // Hidden
    2B	Iori Yagami    // Hidden
    2C	Leona Heidern    // Hidden
    2D	Orochi    // Hidden
    2E	Eiji Kisaragi
    2F	Blue Mary
    30	Kyo Kusanagi
    31	Terry Bogard
    32	Andy Bogard
    33	Joe Higashi
    34	Ryo Sakazaki
    35	Robert Garcia
    36	Yuri Sakazaki
    37	Mai Shiranui
    38	Billy Kane
    39	Yashiro Nanakase
    3A	Shermie
    3B	Chris
    3C	Omega Rugal    // Hidden
    3D	King
    3E	Ryuji Yamazaki
    3F	Geese Howard

-->